Time,j2s6s300_link_1,j2s6s300_link_2,j2s6s300_link_3,j2s6s300_link_4,j2s6s300_link_5,j2s6s300_link_6,
1035.736,0.0003526528,0.8201206,0.3345698,-0.0008353544,0.5897811,2.513032E-05
1035.749,0.0003526476,0.8201206,0.3345698,-0.0008353494,0.5897811,2.51303E-05
1035.763,0.0003526437,0.8201206,0.3345698,-0.0008353451,0.5897811,2.513031E-05
1035.777,0.0003526437,0.8201206,0.3345698,-0.0008353451,0.5897811,2.513031E-05
1035.79,0.0003526564,0.8201206,0.3345699,-0.0008353554,0.5897811,2.513035E-05
1035.805,0.000352657,0.8201206,0.3345699,-0.0008353572,0.5897811,2.513033E-05
1035.819,0.000352657,0.8201206,0.3345699,-0.0008353572,0.5897811,2.513033E-05
1035.832,0.0003526529,0.8201206,0.3345698,-0.0008353546,0.5897811,2.513033E-05
1035.847,0.0003526477,0.8201206,0.3345698,-0.0008353496,0.5897811,2.513031E-05
1035.86,0.0003526437,0.8201206,0.3345698,-0.0008353454,0.5897811,2.513026E-05
1035.874,0.0003526437,0.8201206,0.3345698,-0.0008353454,0.5897811,2.513026E-05
1035.888,0.0003526564,0.8201206,0.3345699,-0.0008353556,0.5897811,2.513028E-05
1035.902,0.0003526569,0.8201206,0.3345699,-0.0008353573,0.5897811,2.513029E-05
1035.916,0.0003526569,0.8201206,0.3345699,-0.0008353573,0.5897811,2.513029E-05
1035.93,0.0003526529,0.8201206,0.3345698,-0.0008353546,0.5897811,2.513029E-05
1035.944,0.0003526475,0.8201206,0.3345698,-0.0008353494,0.5897811,2.513029E-05
1035.958,0.0003526475,0.8201206,0.3345698,-0.0008353494,0.5897811,2.513029E-05
1035.971,0.0003526436,0.8201206,0.3345698,-0.0008353452,0.5897811,2.513027E-05
1035.986,0.0003526562,0.8201206,0.3345699,-0.0008353555,0.5897811,2.513028E-05
1036,0.0003526562,0.8201206,0.3345699,-0.0008353555,0.5897811,2.513028E-05
1036.013,0.0003526568,0.8201206,0.3345699,-0.0008353572,0.5897811,2.513033E-05
1036.028,0.0003526527,0.8201206,0.3345698,-0.0008353544,0.5897811,2.513034E-05
1036.041,0.0003526474,0.8201206,0.3345698,-0.0008353494,0.5897811,2.513032E-05
1036.055,0.0003526474,0.8201206,0.3345698,-0.0008353494,0.5897811,2.513032E-05
1036.069,0.0003526435,0.8201206,0.3345698,-0.0008353451,0.5897811,2.513033E-05
1036.083,0.0003526562,0.8201206,0.3345699,-0.0008353554,0.5897811,2.513038E-05
1036.097,0.0003526562,0.8201206,0.3345699,-0.0008353554,0.5897811,2.513038E-05
1036.111,0.0003526568,0.8201206,0.3345699,-0.0008353572,0.5897811,2.513037E-05
1036.125,0.0003526527,0.8201206,0.3345698,-0.0008353545,0.5897811,2.513038E-05
1036.139,0.0003526527,0.8201206,0.3345698,-0.0008353545,0.5897811,2.513038E-05
1036.152,0.0003526475,0.8201206,0.3345698,-0.0008353495,0.5897811,2.513033E-05
1036.167,0.0003526435,0.8201206,0.3345698,-0.0008353452,0.5897811,2.513034E-05
1036.181,0.0003526561,0.8201206,0.3345699,-0.0008353554,0.5897811,2.513042E-05
1036.195,0.0003526561,0.8201206,0.3345699,-0.0008353554,0.5897811,2.513042E-05
1036.208,0.0003526567,0.8201206,0.3345699,-0.0008353572,0.5897811,2.513042E-05
1036.222,0.0003526527,0.8201206,0.3345698,-0.0008353545,0.5897811,2.513038E-05
1036.236,0.0003526527,0.8201206,0.3345698,-0.0008353545,0.5897811,2.513038E-05
1036.25,0.0003526474,0.8201206,0.3345698,-0.0008353494,0.5897811,2.513035E-05
1036.264,0.0003526435,0.8201206,0.3345698,-0.0008353452,0.5897811,2.513033E-05
1036.28,0.0003526435,0.8201206,0.3345698,-0.0008353452,0.5897811,2.513033E-05
1036.292,0.0003526562,0.8201206,0.3345699,-0.0008353555,0.5897811,2.513035E-05
1036.306,0.0003526568,0.8201206,0.3345699,-0.0008353572,0.5897811,2.513036E-05
1036.32,0.0003526568,0.8201206,0.3345699,-0.0008353572,0.5897811,2.513036E-05
1036.333,0.0003526528,0.8201206,0.3345698,-0.0008353546,0.5897811,2.513037E-05
1036.348,0.0003526475,0.8201206,0.3345698,-0.0008353496,0.5897811,2.513031E-05
1036.362,0.0003526435,0.8201206,0.3345698,-0.0008353452,0.5897811,2.513033E-05
1036.376,0.0003526435,0.8201206,0.3345698,-0.0008353452,0.5897811,2.513033E-05
1036.389,0.0003526562,0.8201206,0.3345699,-0.0008353555,0.5897811,2.513035E-05
1036.403,0.0003526568,0.8201206,0.3345699,-0.0008353572,0.5897811,2.513037E-05
1036.417,0.0003526568,0.8201206,0.3345699,-0.0008353572,0.5897811,2.513037E-05
1036.431,0.0003526529,0.8201206,0.3345698,-0.0008353546,0.5897811,2.51303E-05
1036.445,0.0003526476,0.8201206,0.3345698,-0.0008353496,0.5897811,2.513028E-05
1036.459,0.0003526476,0.8201206,0.3345698,-0.0008353496,0.5897811,2.513028E-05
1036.473,0.0003526436,0.8201206,0.3345698,-0.0008353453,0.5897811,2.51303E-05
1036.487,0.0003526562,0.8201206,0.3345699,-0.0008353555,0.5897811,2.513031E-05
1036.501,0.0003526568,0.8201206,0.3345699,-0.0008353571,0.5897811,2.513037E-05
1036.515,0.0003526568,0.8201206,0.3345699,-0.0008353571,0.5897811,2.513037E-05
1036.528,0.0003526527,0.8201206,0.3345698,-0.0008353543,0.5897811,2.513039E-05
1036.543,0.0003526476,0.8201206,0.3345698,-0.0008353494,0.5897811,2.513036E-05
1036.557,0.0003526476,0.8201206,0.3345698,-0.0008353494,0.5897811,2.513036E-05
1036.57,0.0003526436,0.8201206,0.3345698,-0.0008353451,0.5897811,2.513033E-05
1036.584,0.0003526563,0.8201206,0.3345699,-0.0008353554,0.5897811,2.513033E-05
1036.598,0.0003526563,0.8201206,0.3345699,-0.0008353554,0.5897811,2.513033E-05
1036.612,0.0003526568,0.8201206,0.3345699,-0.0008353569,0.5897811,2.513042E-05
1036.626,0.0003526528,0.8201206,0.3345698,-0.0008353543,0.5897811,2.513041E-05
1036.64,0.0003526476,0.8201206,0.3345698,-0.0008353494,0.5897811,2.513036E-05
1036.654,0.0003526476,0.8201206,0.3345698,-0.0008353494,0.5897811,2.513036E-05
1036.668,0.0003526437,0.8201206,0.3345698,-0.0008353452,0.5897811,2.513033E-05
1036.682,0.0003526563,0.8201206,0.3345699,-0.0008353555,0.5897811,2.513037E-05
1036.696,0.0003526563,0.8201206,0.3345699,-0.0008353555,0.5897811,2.513037E-05
1036.709,0.0003526569,0.8201206,0.3345699,-0.0008353572,0.5897811,2.51304E-05
1036.724,0.0003526529,0.8201206,0.3345698,-0.0008353547,0.5897811,2.513038E-05
1036.738,0.0003526529,0.8201206,0.3345698,-0.0008353547,0.5897811,2.513038E-05
1036.751,0.0003526475,0.8201206,0.3345698,-0.0008353497,0.5897811,2.513034E-05
1036.765,0.0003526435,0.8201206,0.3345698,-0.0008353454,0.5897811,2.513033E-05
1036.779,0.0003526435,0.8201206,0.3345698,-0.0008353454,0.5897811,2.513033E-05
1036.793,0.0003526562,0.8201206,0.3345699,-0.0008353557,0.5897811,2.513032E-05
1036.807,0.0003526568,0.8201206,0.3345699,-0.0008353574,0.5897811,2.51303E-05
1036.821,0.0003526528,0.8201206,0.3345698,-0.0008353547,0.5897811,2.513028E-05
1036.835,0.0003526528,0.8201206,0.3345698,-0.0008353547,0.5897811,2.513028E-05
1036.849,0.0003526475,0.8201206,0.3345698,-0.0008353496,0.5897811,2.513027E-05
1036.863,0.0003526436,0.8201206,0.3345698,-0.0008353453,0.5897811,2.513023E-05
1036.877,0.0003526436,0.8201206,0.3345698,-0.0008353453,0.5897811,2.513023E-05
1036.89,-0.001817217,0.8225646,0.3454345,0.001642281,0.5983908,-2.567435E-05
1036.905,-0.003894945,0.8255187,0.3536147,0.004538885,0.6055589,-6.750382E-05
1036.919,-0.003894945,0.8255187,0.3536147,0.004538885,0.6055589,-6.750382E-05
1036.932,-0.005508741,0.8285016,0.3599375,0.007283444,0.6115311,-0.0001021403
1036.947,-0.008893373,0.8344696,0.3755701,0.01232066,0.6251316,-0.000181419
1036.96,-0.01180471,0.8407968,0.3872986,0.01743554,0.6364539,-0.0002470445
1036.974,-0.01180471,0.8407968,0.3872986,0.01743554,0.6364539,-0.0002470445
1036.988,-0.0140198,0.8468221,0.3963547,0.02210153,0.6458848,-0.0003015365
1037.002,-0.01568541,0.8522558,0.4035125,0.02622953,0.6537396,-0.000346783
1037.016,-0.01568541,0.8522558,0.4035125,0.02622953,0.6537396,-0.000346783
1037.03,-0.01920587,0.8603126,0.4198207,0.03260361,0.6689324,-0.0004346157
1037.044,-0.02211068,0.8683311,0.4321479,0.03871184,0.6815682,-0.0005075685
1037.058,-0.02211068,0.8683311,0.4321479,0.03871184,0.6815682,-0.0005075685
1037.071,-0.02430829,0.8757083,0.4417536,0.04416106,0.6920876,-0.0005682164
1037.086,-0.02827864,0.8856324,0.4598815,0.05185278,0.7095145,-0.0006686384
1037.1,-0.02827864,0.8856324,0.4598815,0.05185278,0.7095145,-0.0006686384
1037.113,-0.03144608,0.895269,0.4736533,0.0590251,0.7240001,-0.0007522339
1037.128,-0.03383729,0.9040002,0.4844525,0.06535997,0.736054,-0.0008217749
1037.141,-0.0356514,0.9116307,0.4931162,0.07084348,0.7460866,-0.0008795027
1037.156,-0.0356514,0.9116307,0.4931162,0.07084348,0.7460866,-0.0008795027
1037.169,-0.03938417,0.9217176,0.5105348,0.07863736,0.7631276,-0.0009772137
1037.183,-0.04231682,0.9313621,0.5238227,0.08575674,0.7772831,-0.001058818
1037.197,-0.04231682,0.9313621,0.5238227,0.08575674,0.7772831,-0.001058818
1037.211,-0.04454505,0.9400042,0.5343044,0.09198906,0.789057,-0.00112679
1037.225,-0.04859728,0.9511591,0.553036,0.100564,0.8075536,-0.001232918
1037.239,-0.04859728,0.9511591,0.553036,0.100564,0.8075536,-0.001232918
1037.252,-0.05173536,0.9617231,0.5673735,0.1083129,0.8229125,-0.001321679
1037.267,-0.05412742,0.9711218,0.5787333,0.1150629,0.8356827,-0.001395624
1037.281,-0.05597493,0.9792297,0.587937,0.120839,0.8463083,-0.001457015
1037.295,-0.05597493,0.9792297,0.587937,0.120839,0.8463083,-0.001457015
1037.308,-0.05975758,0.9899091,0.6056663,0.1290701,0.8638657,-0.001557454
1037.322,-0.06267682,0.9999576,0.6192656,0.1364338,0.8784387,-0.001641711
1037.337,-0.06267682,0.9999576,0.6192656,0.1364338,0.8784387,-0.001641711
1037.35,-0.06492044,1.008846,0.6300825,0.1428138,0.890552,-0.001711996
1037.364,-0.06898863,1.020385,0.6489888,0.1516771,0.9093485,-0.001819799
1037.378,-0.06898863,1.020385,0.6489888,0.1516771,0.9093485,-0.001819799
1037.391,-0.07210977,1.031159,0.6635349,0.1595543,0.9249442,-0.001910279
1037.406,-0.07451855,1.040632,0.6751398,0.1663492,0.9379047,-0.001985737
1037.42,-0.07451855,1.040632,0.6751398,0.1663492,0.9379047,-0.001985737
1037.433,-0.07870923,1.052747,0.6946546,0.1756319,0.9574133,-0.002097738
1037.448,-0.0819241,1.063957,0.7097329,0.1838179,0.9735958,-0.00219182
1037.462,-0.08442286,1.073757,0.7218117,0.1908439,0.9870438,-0.002270296
1037.476,-0.08442286,1.073757,0.7218117,0.1908439,0.9870438,-0.002270296
1037.489,-0.08640431,1.082111,0.7316874,0.1967881,0.9982358,-0.002335485
1037.503,-0.09027001,1.09327,0.7498229,0.2053932,1.016294,-0.002438811
1037.517,-0.09027001,1.09327,0.7498229,0.2053932,1.016294,-0.002438811
1037.531,-0.09323858,1.103582,0.7638323,0.212942,1.03127,-0.002525844
1037.545,-0.09556098,1.112576,0.7750719,0.2193976,1.043711,-0.002598533
1037.559,-0.09556098,1.112576,0.7750719,0.2193976,1.043711,-0.002598533
1037.573,-0.09966283,1.124421,0.7942011,0.228532,1.062814,-0.002708135
1037.587,-0.1028094,1.135303,0.8090187,0.2365019,1.078648,-0.002800421
1037.601,-0.1052838,1.14476,0.8209384,0.2432925,1.091801,-0.002877442
1037.615,-0.1052838,1.14476,0.8209384,0.2432925,1.091801,-0.002877442
1037.628,-0.1072726,1.15279,0.8307156,0.2490103,1.102746,-0.002941442
1037.643,-0.1111128,1.16382,0.8486754,0.2575756,1.120623,-0.003043696
1037.657,-0.1111128,1.16382,0.8486754,0.2575756,1.120623,-0.003043696
1037.671,-0.1140593,1.173946,0.8625776,0.2650094,1.135429,-0.003129996
1037.684,-0.1163892,1.18273,0.8737716,0.2713225,1.147726,-0.003202112
1037.698,-0.1163892,1.18273,0.8737716,0.2713225,1.147726,-0.003202112
1037.712,-0.1204664,1.194514,0.8927898,0.2804671,1.166725,-0.003311166
1037.726,-0.1235991,1.205266,0.9075568,0.2883574,1.182457,-0.003403125
1037.74,-0.1260905,1.214563,0.9194759,0.295036,1.195521,-0.0034799
1037.754,-0.1260905,1.214563,0.9194759,0.295036,1.195521,-0.0034799
1037.767,-0.1281147,1.222437,0.9292757,0.3006394,1.206393,-0.003543718
1037.782,-0.1319432,1.233447,0.9471837,0.3092397,1.224224,-0.003645762
1037.796,-0.1319432,1.233447,0.9471837,0.3092397,1.224224,-0.003645762
1037.809,-0.1348844,1.24349,0.9610726,0.3166192,1.238977,-0.003731994
1037.824,-0.137235,1.252167,0.9722866,0.3228475,1.251225,-0.003804073
1037.838,-0.137235,1.252167,0.9722866,0.3228475,1.251225,-0.003804073
1037.851,-0.1412951,1.263961,0.9912805,0.3320367,1.270201,-0.003913039
1037.865,-0.144424,1.274656,1.006058,0.3398767,1.285897,-0.004004989
1037.88,-0.144424,1.274656,1.006058,0.3398767,1.285897,-0.004004989
1037.893,-0.1469388,1.283864,1.018006,0.3464758,1.298928,-0.004081827
1037.907,-0.1489988,1.291644,1.027842,0.3519974,1.30977,-0.004145709
1037.921,-0.1528171,1.302675,1.045748,0.3606496,1.327596,-0.004247743
1037.935,-0.1528171,1.302675,1.045748,0.3606496,1.327596,-0.004247743
1037.949,-0.1557573,1.312681,1.059656,0.3679895,1.342329,-0.004333951
1037.963,-0.1581305,1.321293,1.070898,0.3741527,1.354556,-0.004406175
1037.977,-0.1581305,1.321293,1.070898,0.3741527,1.354556,-0.004406175
1037.99,-0.1621782,1.33311,1.089894,0.3833984,1.373532,-0.004515191
1038.005,-0.1653073,1.34377,1.104689,0.3912014,1.389215,-0.004607144
1038.019,-0.1653073,1.34377,1.104689,0.3912014,1.389215,-0.004607144
1038.032,-0.1678456,1.352924,1.11667,0.3977391,1.40223,-0.004684133
1038.047,-0.1699369,1.360642,1.126536,0.4031994,1.413059,-0.004748136
1038.061,-0.1737475,1.371692,1.14445,0.4119161,1.430891,-0.004850205
1038.074,-0.1737475,1.371692,1.14445,0.4119161,1.430891,-0.004850205
1038.088,-0.1766882,1.381668,1.158375,0.4192295,1.445619,-0.004936419
1038.102,-0.1790816,1.390236,1.169641,0.425343,1.457836,-0.005008747
1038.116,-0.1790816,1.390236,1.169641,0.425343,1.457836,-0.005008747
1038.13,-0.1831213,1.40207,1.188647,0.4346561,1.476822,-0.005117847
1038.146,-0.1862515,1.4127,1.20346,0.4424336,1.492503,-0.005209857
1038.158,-0.1862515,1.4127,1.20346,0.4424336,1.492503,-0.005209857
1038.171,-0.1888095,1.421811,1.21546,0.4489228,1.505509,-0.005286938
1038.186,-0.1909263,1.429489,1.225347,0.454334,1.516328,-0.005351053
1038.2,-0.1909263,1.429489,1.225347,0.454334,1.516328,-0.005351053
1038.213,-0.1947333,1.440554,1.243276,0.4631236,1.534171,-0.005453102
1038.228,-0.1976738,1.450502,1.257218,0.4704189,1.548901,-0.005539355
1038.241,-0.2000834,1.459036,1.268499,0.4764912,1.561112,-0.005611765
1038.255,-0.2000834,1.459036,1.268499,0.4764912,1.561112,-0.005611765
1038.269,-0.2041209,1.470883,1.287523,0.4858779,1.580106,-0.005720869
1038.283,-0.207251,1.481485,1.302354,0.4936372,1.595791,-0.005812945
1038.297,-0.207251,1.481485,1.302354,0.4936372,1.595791,-0.005812945
1038.311,-0.2098242,1.490565,1.314365,0.5000841,1.608792,-0.005890095
1038.325,-0.2119604,1.498213,1.32426,0.5054514,1.619602,-0.005954265
1038.339,-0.2119604,1.498213,1.32426,0.5054514,1.619602,-0.005954265
1038.353,-0.215771,1.509291,1.342209,0.5143183,1.63745,-0.006056258
1038.367,-0.2187099,1.519214,1.35617,0.521602,1.652187,-0.006142549
1038.381,-0.2211309,1.527721,1.367459,0.5276372,1.664394,-0.006215003
1038.395,-0.2211309,1.527721,1.367459,0.5276372,1.664394,-0.006215003
1038.408,-0.2251747,1.539581,1.386504,0.5371007,1.683389,-0.006324043
1038.422,-0.2283027,1.550155,1.401356,0.5448484,1.699083,-0.006416158
1038.436,-0.2283027,1.550155,1.401356,0.5448484,1.699083,-0.006416158
1038.45,-0.2308854,1.559211,1.413372,0.5512564,1.71208,-0.00649335
1038.465,-0.2330352,1.566838,1.423265,0.5565812,1.722883,-0.006557541
1038.479,-0.2330352,1.566838,1.423265,0.5565812,1.722883,-0.006557541
1038.492,-0.2368594,1.577933,1.441234,0.5655254,1.740721,-0.006659413
1038.506,-0.239795,1.587829,1.455218,0.5728052,1.755472,-0.006745702
1038.52,-0.239795,1.587829,1.455218,0.5728052,1.755472,-0.006745702
1038.533,-0.2422215,1.596314,1.46651,0.5788062,1.767678,-0.00681817
1038.548,-0.2462822,1.608191,1.485574,0.5883437,1.786656,-0.006927076
1038.562,-0.2494058,1.618738,1.500449,0.5960886,1.802366,-0.007019115
1038.576,-0.2494058,1.618738,1.500449,0.5960886,1.802366,-0.007019115
1038.589,-0.2519918,1.627772,1.512467,0.6024604,1.815364,-0.007096379
1038.603,-0.254149,1.635386,1.522349,0.6077423,1.82616,-0.00716057
1038.618,-0.254149,1.635386,1.522349,0.6077423,1.82616,-0.00716057
1038.631,-0.2579984,1.646504,1.54033,0.6167539,1.843964,-0.007262219
1038.645,-0.2609293,1.656372,1.554342,0.6240408,1.858736,-0.007348286
1038.659,-0.2609293,1.656372,1.554342,0.6240408,1.858736,-0.007348286
1038.673,-0.2633552,1.664837,1.565636,0.630012,1.870947,-0.007420851
1038.687,-0.2674434,1.67674,1.58471,0.639609,1.889881,-0.007529621
1038.701,-0.2705616,1.687256,1.599616,0.6473645,1.905616,-0.007621532
1038.715,-0.2705616,1.687256,1.599616,0.6473645,1.905616,-0.007621532
1038.728,-0.2731439,1.69627,1.611634,0.653706,1.918622,-0.007698802
1038.743,-0.2753018,1.703873,1.621502,0.6589453,1.929417,-0.007762954
1038.757,-0.2753018,1.703873,1.621502,0.6589453,1.929417,-0.007762954
1038.77,-0.2791865,1.715028,1.639477,0.6679963,1.947152,-0.007864281
1038.785,-0.282114,1.724864,1.653523,0.6753057,1.961951,-0.007950203
1038.799,-0.282114,1.724864,1.653523,0.6753057,1.961951,-0.007950203
1038.812,-0.2845331,1.733309,1.664823,0.6812569,1.974179,-0.008022704
1038.827,-0.2886558,1.745248,1.683889,0.6908779,1.993031,-0.008131224
1038.84,-0.2917706,1.755731,1.698834,0.6986623,2.008798,-0.008222982
1038.854,-0.2917706,1.755731,1.698834,0.6986623,2.008798,-0.008222982
1038.868,-0.2943425,1.764722,1.710859,0.7049878,2.021828,-0.008300155
1038.882,-0.296494,1.772315,1.720711,0.7101896,2.032632,-0.008364179
1038.896,-0.296494,1.772315,1.720711,0.7101896,2.032632,-0.008364179
1038.91,-0.3004178,1.783521,1.738654,0.7192231,2.050253,-0.008466344
1038.924,-0.3033479,1.793325,1.752743,0.7265722,2.065082,-0.008551811
1038.938,-0.3033479,1.793325,1.752743,0.7265722,2.065082,-0.008551811
1038.951,-0.305755,1.801743,1.764056,0.7325236,2.077342,-0.008623986
1038.966,-0.3099107,1.813732,1.783089,0.742105,2.096074,-0.008733684
1038.98,-0.3099107,1.813732,1.783089,0.742105,2.096074,-0.008733684
1038.993,-0.3130294,1.824179,1.798082,0.7499377,2.111874,-0.008824778
1039.007,-0.3155868,1.833141,1.810125,0.7562746,2.124945,-0.008901433
1039.021,-0.3177249,1.84072,1.819966,0.761456,2.135776,-0.00896496
1039.035,-0.3177249,1.84072,1.819966,0.761456,2.135776,-0.00896496
1039.049,-0.3216794,1.851992,1.837845,0.7703809,2.153245,-0.009068135
1039.063,-0.3246236,1.861765,1.851977,0.7777781,2.168095,-0.009152713
1039.077,-0.3246236,1.861765,1.851977,0.7777781,2.168095,-0.009152713
1039.09,-0.3270189,1.870152,1.863317,0.783763,2.180402,-0.00922421
1039.105,-0.3311929,1.882198,1.882294,0.7932139,2.198985,-0.009334666
1039.119,-0.3311929,1.882198,1.882294,0.7932139,2.198985,-0.009334666
1039.132,-0.3343278,1.89261,1.897336,0.8011026,2.214808,-0.009424787
1039.147,-0.3368729,1.901536,1.909414,0.8074932,2.227937,-0.009500665
1039.161,-0.3389931,1.909097,1.919258,0.8126918,2.238816,-0.009563465
1039.175,-0.3389931,1.909097,1.919258,0.8126918,2.238816,-0.009563465
1039.188,-0.3429528,1.920441,1.937045,0.8213943,2.256116,-0.009667005
1039.202,-0.345925,1.930191,1.951211,0.8288199,2.270962,-0.009750477
1039.216,-0.345925,1.930191,1.951211,0.8288199,2.270962,-0.009750477
1039.23,-0.3483168,1.938542,1.962593,0.8348756,2.283323,-0.009821134
1039.244,-0.3524815,1.950645,1.981497,0.8440934,2.301754,-0.009931415
1039.258,-0.3524815,1.950645,1.981497,0.8440934,2.301754,-0.009931415
1039.272,-0.3556457,1.961029,1.996582,0.8520152,2.317573,-0.01002043
1039.286,-0.3581898,1.969913,2.008711,0.8585027,2.330763,-0.01009545
1039.3,-0.3581898,1.969913,2.008711,0.8585027,2.330763,-0.01009545
1039.313,-0.3624649,1.982509,2.028172,0.867892,2.349796,-0.01020874
1039.328,-0.3657521,1.993273,2.043758,0.8760625,2.366155,-0.01030042
1039.342,-0.3683917,2.002467,2.056318,0.8828104,2.379825,-0.01037767
1039.356,-0.3683917,2.002467,2.056318,0.8828104,2.379825,-0.01037767
1039.369,-0.3705705,2.010272,2.066549,0.8883205,2.391186,-0.01044137
1039.383,-0.3745281,2.021942,2.084463,0.8966606,2.408599,-0.01054338
1039.397,-0.3745281,2.021942,2.084463,0.8966606,2.408599,-0.01054338
1039.411,-0.377605,2.031864,2.098882,0.9041229,2.423649,-0.01062681
1039.425,-0.3800667,2.040333,2.110539,0.9103963,2.436276,-0.01069755
1039.439,-0.3800667,2.040333,2.110539,0.9103963,2.436276,-0.01069755
1039.453,-0.3841945,2.05264,2.129498,0.919178,2.45471,-0.01080404
1039.467,-0.3874432,2.063102,2.144759,0.9270768,2.470622,-0.01089271
1039.481,-0.3900464,2.072029,2.157103,0.9337638,2.483984,-0.01096749
1039.495,-0.3900464,2.072029,2.157103,0.9337638,2.483984,-0.01096749
1039.508,-0.392177,2.079608,2.167158,0.9393057,2.495134,-0.0110289
1039.523,-0.3960012,2.091167,2.184798,0.9471608,2.512253,-0.0111246
1039.537,-0.3960012,2.091167,2.184798,0.9471608,2.512253,-0.0111246
1039.55,-0.3990657,2.100952,2.199054,0.954371,2.52706,-0.01120603
1039.564,-0.4015257,2.109283,2.210619,0.9605844,2.539523,-0.01127525
1039.578,-0.4015257,2.109283,2.210619,0.9605844,2.539523,-0.01127525
1039.592,-0.4055477,2.121537,2.229413,0.9688672,2.557752,-0.01137775
1039.606,-0.4088037,2.131909,2.244596,0.9764981,2.573491,-0.01146463
1039.62,-0.4114257,2.140738,2.256917,0.983125,2.586744,-0.011538
1039.634,-0.4114257,2.140738,2.256917,0.983125,2.586744,-0.011538
1039.648,-0.4135658,2.148224,2.266964,0.9887457,2.597842,-0.01159789
1039.662,-0.4172756,2.159777,2.284517,0.9961969,2.614884,-0.01169056
1039.676,-0.4172756,2.159777,2.284517,0.9961969,2.614884,-0.01169056
1039.689,-0.4203382,2.169516,2.298729,1.003131,2.629602,-0.01176945
1039.704,-0.4228187,2.177787,2.310289,1.009227,2.641999,-0.01183672
1039.718,-0.4228187,2.177787,2.310289,1.009227,2.641999,-0.01183672
1039.731,-0.4267381,2.190051,2.329026,1.016985,2.660159,-0.01193577
1039.746,-0.4300011,2.200386,2.344193,1.024231,2.675818,-0.01201971
1039.759,-0.4300011,2.200386,2.344193,1.024231,2.675818,-0.01201971
1039.773,-0.4326534,2.209161,2.356532,1.030642,2.689005,-0.01209066
1039.787,-0.4348243,2.216588,2.366613,1.0362,2.700068,-0.01214804
1039.801,-0.4384286,2.228152,2.384142,1.043204,2.717102,-0.01223584
1039.815,-0.4384286,2.228152,2.384142,1.043204,2.717102,-0.01223584
1039.829,-0.4414874,2.23786,2.39835,1.04976,2.731792,-0.01231056
1039.843,-0.4439897,2.246087,2.409931,1.055588,2.744152,-0.01237452
1039.857,-0.4439897,2.246087,2.409931,1.055588,2.744152,-0.01237452
1039.87,-0.4478047,2.258363,2.428649,1.062737,2.762305,-0.01246784
1039.885,-0.4510657,2.268668,2.443821,1.06944,2.77794,-0.01254681
1039.899,-0.4510657,2.268668,2.443821,1.06944,2.77794,-0.01254681
1039.912,-0.4537421,2.277398,2.456187,1.075415,2.791088,-0.01261352
1039.927,-0.4559448,2.284774,2.466307,1.080656,2.802116,-0.01266642
1039.941,-0.4594487,2.296335,2.483828,1.087058,2.819166,-0.01274601
1039.954,-0.4594487,2.296335,2.483828,1.087058,2.819166,-0.01274601
1039.968,-0.4625016,2.306013,2.498052,1.093054,2.833865,-0.01281347
1039.982,-0.4650213,2.314193,2.509661,1.098384,2.846216,-0.01287134
1039.996,-0.4650213,2.314193,2.509661,1.098384,2.846216,-0.01287134
1040.01,-0.4687314,2.326457,2.528364,1.10477,2.8644,-0.01295457
1040.024,-0.4719851,2.336732,2.543555,1.110745,2.880064,-0.01302441
1040.038,-0.4719851,2.336732,2.543555,1.110745,2.880064,-0.01302441
1040.051,-0.4746782,2.345412,2.555948,1.116039,2.893219,-0.01308288
1040.066,-0.4769083,2.352731,2.566102,1.120672,2.904247,-0.01312696
1040.08,-0.4769083,2.352731,2.566102,1.120672,2.904247,-0.01312696
1040.093,-0.4803144,2.364259,2.583602,1.12626,2.921342,-0.01319104
1040.108,-0.4833634,2.373903,2.597847,1.131479,2.936101,-0.01324418
1040.121,-0.4859009,2.382031,2.609477,1.136068,2.948496,-0.0132893
1040.135,-0.4859009,2.382031,2.609477,1.136068,2.948496,-0.0132893
1040.149,-0.4895126,2.39425,2.628141,1.141524,2.966765,-0.01335203
1040.163,-0.4927642,2.404494,2.643339,1.146603,2.982525,-0.01340207
1040.177,-0.4927642,2.404494,2.643339,1.146603,2.982525,-0.01340207
1040.191,-0.4954771,2.413127,2.655737,1.151031,2.995767,-0.01344154
1040.205,-0.4977278,2.420397,2.665901,1.154834,3.006878,-0.01346466
1040.219,-0.4977278,2.420397,2.665901,1.154834,3.006878,-0.01346466
1040.233,-0.5010575,2.431872,2.683343,1.159478,3.024118,-0.01349428
1040.247,-0.5041164,2.441495,2.69755,1.163803,3.039016,-0.01351394
1040.262,-0.5066712,2.449603,2.70913,1.167524,3.051546,-0.01352787
1040.275,-0.5066712,2.449603,2.70913,1.167524,3.051546,-0.01352787
1040.288,-0.5102445,2.461813,2.7277,1.172062,3.070091,-0.01354513
1040.302,-0.5135182,2.472073,2.742698,1.176267,3.08604,-0.0135564
1040.317,-0.5135182,2.472073,2.742698,1.176267,3.08604,-0.0135564
1040.33,-0.5162581,2.480757,2.754822,1.179869,3.099452,-0.01357286
1040.344,-0.5185435,2.488111,2.764589,1.18293,3.110713,-0.01359694
1040.358,-0.5185435,2.488111,2.764589,1.18293,3.110713,-0.01359694
1040.372,-0.5220827,2.499601,2.78128,1.187118,3.12856,-0.01366502
1040.386,-0.5251773,2.509337,2.793972,1.190945,3.143609,-0.01384631
1040.4,-0.5277474,2.5179,2.804212,1.194278,3.156256,-0.01412783
1040.414,-0.5277474,2.5179,2.804212,1.194278,3.156256,-0.01412783
1040.427,-0.5315807,2.530394,2.821417,1.198852,3.175376,-0.01452175
1040.442,-0.5348234,2.541186,2.836039,1.202849,3.19151,-0.01492578
1040.456,-0.5348234,2.541186,2.836039,1.202849,3.19151,-0.01492578
1040.469,-0.5375235,2.550228,2.848337,1.206241,3.205092,-0.01526272
1040.484,-0.5397777,2.557703,2.858649,1.209129,3.216512,-0.01553079
1040.498,-0.5397777,2.557703,2.858649,1.209129,3.216512,-0.01553079
1040.511,-0.5429661,2.569203,2.876303,1.212986,3.234279,-0.01582165
1040.526,-0.5460507,2.578695,2.891072,1.216708,3.249595,-0.01602028
1040.539,-0.5460507,2.578695,2.891072,1.216708,3.249595,-0.01602028
1040.553,-0.548658,2.586478,2.903328,1.219965,3.262494,-0.01615101
1040.567,-0.5520007,2.598071,2.922255,1.224102,3.281307,-0.01631211
1040.581,-0.5553436,2.607846,2.938349,1.228295,3.297708,-0.01641244
1040.595,-0.5553436,2.607846,2.938349,1.228295,3.297708,-0.01641244
1040.608,-0.5581945,2.615871,2.951656,1.232088,3.31154,-0.01647105
1040.623,-0.5605949,2.622452,2.962667,1.235534,3.323163,-0.01650544
1040.637,-0.5605949,2.622452,2.962667,1.235534,3.323163,-0.01650544
1040.65,-0.5636469,2.632882,2.980207,1.239893,3.340781,-0.01658853
1040.665,-0.5668526,2.641906,2.995385,1.244522,3.356286,-0.01663767
1040.679,-0.5668526,2.641906,2.995385,1.244522,3.356286,-0.01663767
1040.692,-0.5696146,2.649353,3.007929,1.248853,3.369365,-0.01666234
1040.706,-0.5729114,2.660397,3.026474,1.254068,3.388185,-0.0167313
1040.72,-0.5763918,2.670069,3.042593,1.25964,3.404711,-0.01677333
1040.734,-0.5763918,2.670069,3.042593,1.25964,3.404711,-0.01677333
1040.748,-0.5794014,2.678105,3.055916,1.264941,3.418628,-0.0167964
1040.762,-0.5819497,2.684742,3.066877,1.269973,3.430273,-0.01680804
1040.776,-0.5819497,2.684742,3.066877,1.269973,3.430273,-0.01680804
1040.789,-0.5849943,2.695003,3.083829,1.275946,3.447906,-0.0168672
1040.804,-0.588338,2.704178,3.098755,1.282426,3.463357,-0.01690732
1040.818,-0.588338,2.704178,3.098755,1.282426,3.463357,-0.01690732
1040.831,-0.5912415,2.711873,3.111132,1.288688,3.476314,-0.01693326
1040.846,-0.5945626,2.722965,3.129048,1.295892,3.495111,-0.01700205
1040.86,-0.5945626,2.722965,3.129048,1.295892,3.495111,-0.01700205
1040.873,-0.5981911,2.73294,3.144828,1.303657,3.511422,-0.01705261
1040.887,-0.6013359,2.741365,3.157937,1.311193,3.525038,-0.01708965
1040.901,-0.6039972,2.748403,3.168722,1.318471,3.53633,-0.01711707
1040.915,-0.6039972,2.748403,3.168722,1.318471,3.53633,-0.01711707
1040.929,-0.6070915,2.758872,3.185048,1.326778,3.553841,-0.01718757
1040.943,-0.6105683,2.76845,3.199596,1.335717,3.568864,-0.0172434
1040.957,-0.6105683,2.76845,3.199596,1.335717,3.568864,-0.0172434
1040.97,-0.6135652,2.776617,3.211747,1.344401,3.58132,-0.01728773
1040.985,-0.6169622,2.788036,3.229027,1.354144,3.599899,-0.01737197
1040.999,-0.6169622,2.788036,3.229027,1.354144,3.599899,-0.01737197
1041.012,-0.6207078,2.798508,3.244427,1.36449,3.615642,-0.01744116
1041.027,-0.6239104,2.807469,3.257316,1.374497,3.628646,-0.01749815
1041.041,-0.6265913,2.815016,3.26796,1.384114,3.639341,-0.01754504
1041.055,-0.6265913,2.815016,3.26796,1.384114,3.639341,-0.01754504
1041.068,-0.6297498,2.825872,3.283702,1.394887,3.656562,-0.0176315
1041.082,-0.6332759,2.835965,3.297928,1.406192,3.670986,-0.01770484
1041.096,-0.6332759,2.835965,3.297928,1.406192,3.670986,-0.01770484
1041.109,-0.6362457,2.844634,3.309904,1.41701,3.682866,-0.01776693
1041.124,-0.6396677,2.856486,3.326597,1.428985,3.701137,-0.01786651
1041.138,-0.6396677,2.856486,3.326597,1.428985,3.701137,-0.01786651
1041.151,-0.6434055,2.867479,3.341697,1.441365,3.716346,-0.01795204
1041.166,-0.6465191,2.876899,3.35442,1.453079,3.728888,-0.01802503
1041.18,-0.6465191,2.876899,3.35442,1.453079,3.728888,-0.01802503
1041.193,-0.6500357,2.889425,3.371563,1.465921,3.747759,-0.01813396
1041.208,-0.6538712,2.90101,3.387109,1.479049,3.763428,-0.01822818
1041.222,-0.6570289,2.910897,3.400221,1.491302,3.776385,-0.01830899
1041.235,-0.6570289,2.910897,3.400221,1.491302,3.776385,-0.01830899
1041.249,-0.6595801,2.919184,3.411133,1.502636,3.787101,-0.01837766
1041.263,-0.6624786,2.930817,3.426582,1.51502,3.80451,-0.0184829
1041.277,-0.6624786,2.930817,3.426582,1.51502,3.80451,-0.0184829
1041.29,-0.6659011,2.941632,3.440801,1.527639,3.818979,-0.01857436
1041.305,-0.6686739,2.950814,3.452853,1.539162,3.830998,-0.01865314
1041.319,-0.6686739,2.950814,3.452853,1.539162,3.830998,-0.01865314
1041.332,-0.6715536,2.963312,3.469192,1.551523,3.84952,-0.01876765
1041.347,-0.67513,2.97481,3.484189,1.564123,3.864948,-0.01886689
1041.361,-0.6780281,2.984512,3.496916,1.57545,3.877803,-0.01895214
1041.375,-0.6780281,2.984512,3.496916,1.57545,3.877803,-0.01895214
1041.388,-0.6803052,2.992571,3.507607,1.585491,3.888523,-0.01902469
1041.402,-0.6823794,3.004249,3.522728,1.596131,3.905979,-0.01913382
1041.416,-0.6823794,3.004249,3.522728,1.596131,3.905979,-0.01913382
1041.43,-0.6856283,3.014974,3.536727,1.607298,3.920558,-0.01922811
1041.444,-0.6883012,3.023972,3.548672,1.617183,3.932734,-0.01930911
1041.458,-0.6883012,3.023972,3.548672,1.617183,3.932734,-0.01930911
1041.472,-0.6903228,3.036553,3.564834,1.627328,3.951401,-0.01942604
1041.486,-0.6938481,3.047945,3.5797,1.638235,3.967016,-0.01952654
1041.5,-0.6938481,3.047945,3.5797,1.638235,3.967016,-0.01952654
1041.513,-0.696824,3.057451,3.592414,1.647851,3.980063,-0.01961252
1041.528,-0.6991692,3.065288,3.603209,1.656093,3.990963,-0.01968549
1041.542,-0.7002909,3.077041,3.618382,1.664194,4.008547,-0.01979544
1041.556,-0.7002909,3.077041,3.618382,1.664194,4.008547,-0.01979544
1041.569,-0.7035731,3.087623,3.63238,1.673651,4.023278,-0.01988946
1041.583,-0.7065193,3.096418,3.644419,1.682069,4.035586,-0.01996977
1041.597,-0.7065193,3.096418,3.644419,1.682069,4.035586,-0.01996977
1041.611,-0.7076137,3.109078,3.660671,1.689858,4.054341,-0.02008643
1041.625,-0.7112653,3.120301,3.675545,1.699356,4.070057,-0.02018583
1041.639,-0.7112653,3.120301,3.675545,1.699356,4.070057,-0.02018583
1041.652,-0.7146801,3.129592,3.688376,1.707934,4.083185,-0.02027038
1041.667,-0.7174622,3.13721,3.69937,1.715248,4.094139,-0.0203418
1041.681,-0.7175043,3.149033,3.714728,1.721215,4.111757,-0.02045063
1041.695,-0.7175043,3.149033,3.714728,1.721215,4.111757,-0.02045063
1041.708,-0.720826,3.159426,3.728767,1.729569,4.126522,-0.02054297
1041.723,-0.7242702,3.168013,3.740935,1.737425,4.138853,-0.0206213
1041.737,-0.7242702,3.168013,3.740935,1.737425,4.138853,-0.0206213
1041.75,-0.7242762,3.180737,3.757348,1.743356,4.157633,-0.0207363
1041.764,-0.7279705,3.191756,3.772249,1.752032,4.17336,-0.02083373
1041.778,-0.7279705,3.191756,3.772249,1.752032,4.17336,-0.02083373
1041.792,-0.7319788,3.200834,3.785201,1.76041,4.18649,-0.02091602
1041.806,-0.7354519,3.208259,3.796368,1.767751,4.197435,-0.02098519
1041.82,-0.734267,3.22015,3.811901,1.772114,4.215081,-0.02109211
1041.834,-0.734267,3.22015,3.811901,1.772114,4.215081,-0.02109211
1041.847,-0.7373865,3.23035,3.825962,1.779764,4.229842,-0.02118242
1041.862,-0.7413065,3.238746,3.838217,1.787617,4.242161,-0.02125849
1041.876,-0.7413065,3.238746,3.838217,1.787617,4.242161,-0.02125849
1041.89,-1.094974,2.819184,3.418905,1.985242,3.637254,-0.01778335
1041.903,-0.9937331,2.470601,3.183099,1.87024,3.246025,-0.01541358
1041.918,-0.9937331,2.470601,3.183099,1.87024,3.246025,-0.01541358
1041.931,-0.8702587,2.09677,3.038964,1.777383,2.85231,-0.01375617
1041.945,-0.737797,1.704939,2.657799,1.837498,2.466048,-0.01322639
1041.959,-0.737797,1.704939,2.657799,1.837498,2.466048,-0.01322639
1041.972,-0.6266616,1.452242,2.495552,1.718909,2.129587,-0.01172309
1041.987,-0.5254885,1.261997,2.311147,1.543711,1.851518,-0.01017978
1042.001,-0.4392004,1.130808,2.101867,1.326334,1.641168,-0.009036741
1042.015,-0.4392004,1.130808,2.101867,1.326334,1.641168,-0.009036741
1042.028,-0.3673679,1.042354,1.879645,1.116602,1.476228,-0.00765776
1042.043,-0.3071426,0.983813,1.660865,0.9315,1.338877,-0.006250034
1042.057,-0.3071426,0.983813,1.660865,0.9315,1.338877,-0.006250034
1042.07,-0.2560645,0.9449063,1.459246,0.7741346,1.220452,-0.005589968
1042.085,-0.2121735,0.9181416,1.280908,0.6428156,1.117782,-0.004978512
1042.098,-0.2121735,0.9181416,1.280908,0.6428156,1.117782,-0.004978512
1042.112,-0.1755119,0.8992791,1.126658,0.5347,1.029781,-0.004296081
1042.126,-0.1448688,0.8843656,0.9968408,0.4451565,0.9561346,-0.003808954
1042.14,-0.1193229,0.8722405,0.888005,0.3708098,0.894584,-0.003221958
1042.154,-0.1193229,0.8722405,0.888005,0.3708098,0.894584,-0.003221958
1042.167,-0.09831759,0.8622979,0.7969347,0.3091789,0.8432055,-0.002636014
1042.182,-0.08088493,0.854124,0.7207654,0.2578797,0.8003019,-0.002042486
1042.196,-0.08088493,0.854124,0.7207654,0.2578797,0.8003019,-0.002042486
1042.211,-0.06638468,0.8474167,0.6570825,0.2151135,0.7644222,-0.001478975
1042.224,-0.05417408,0.8418461,0.6039811,0.1793092,0.7345759,-0.001064591
1042.238,-0.05417408,0.8418461,0.6039811,0.1793092,0.7345759,-0.001064591
1042.251,-0.04456676,0.8370064,0.5600211,0.1495581,0.710227,-0.0008447006
1042.266,-0.03654689,0.8330228,0.523277,0.1246969,0.6898012,-0.0006452146
1042.279,-0.03654689,0.8330228,0.523277,0.1246969,0.6898012,-0.0006452146
1042.293,-0.02977827,0.8295986,0.4928601,0.1039078,0.6731443,-0.0005592447
1042.307,-0.02432615,0.8267576,0.4674663,0.08671267,0.6592157,-0.0004629436
1042.321,-0.01991213,0.8243786,0.4462704,0.07240014,0.6475754,-0.000373365
1042.335,-0.01991213,0.8243786,0.4462704,0.07240014,0.6475754,-0.000373365
1042.348,-0.01629093,0.8223729,0.428595,0.0604427,0.6378859,-0.0003017124
1042.363,-0.01331546,0.8206838,0.4138596,0.05045336,0.6298342,-0.0002445474
1042.377,-0.01331546,0.8206838,0.4138596,0.05045336,0.6298342,-0.0002445474
1042.39,-0.01087528,0.8192663,0.4015689,0.04211026,0.6231386,-0.0001977654
1042.405,-0.008857841,0.8186583,0.3915989,0.03509927,0.6175641,-0.0001588967
1042.419,-0.008857841,0.8186583,0.3915989,0.03509927,0.6175641,-0.0001588967
1042.432,-0.007213609,0.8185871,0.3833447,0.0292274,0.612922,-0.0001265975
1042.447,-0.005884842,0.8186805,0.37636,0.02432917,0.6090559,-9.990438E-05
1042.46,-0.004808923,0.8187769,0.3704333,0.02024639,0.6058362,-7.791355E-05
1042.474,-0.004808923,0.8187769,0.3704333,0.02024639,0.6058362,-7.791355E-05
1042.488,-0.003934338,0.8188346,0.3654287,0.01684045,0.6031544,-5.979981E-05
1042.502,-0.003221876,0.8188592,0.3612265,0.0139956,0.6009206,-4.487101E-05
1042.516,-0.003221876,0.8188592,0.3612265,0.0139956,0.6009206,-4.487101E-05
1042.529,-0.002641481,0.8188659,0.3577119,0.01161673,0.5990597,-3.256529E-05
1042.544,-0.002143625,0.8189186,0.3547556,0.009604724,0.5975105,-2.24138E-05
1042.558,-0.002143625,0.8189186,0.3547556,0.009604724,0.5975105,-2.24138E-05
1042.571,-0.001715811,0.8190537,0.3522108,0.007902915,0.5962208,-1.4042E-05
1042.586,-0.00134886,0.8192039,0.3499667,0.006466867,0.5951471,-7.145329E-06
1042.599,-0.00134886,0.8192039,0.3499667,0.006466867,0.5951471,-7.145329E-06
1042.613,-0.001036563,0.8193666,0.3479803,0.005258637,0.5942529,-1.462986E-06
1042.627,-0.000773048,0.8195185,0.3462121,0.004245013,0.5935082,3.217935E-06
1042.641,-0.0005482552,0.8196501,0.3446406,0.003393539,0.5928878,7.073554E-06
1042.655,-0.0005482552,0.8196501,0.3446406,0.003393539,0.5928878,7.073554E-06
1042.669,-0.0003453751,0.8196543,0.3432739,0.002670498,0.592371,1.023686E-05
1042.683,-0.0001686811,0.8196771,0.3421364,0.002058086,0.5919405,1.284265E-05
1042.697,-0.0001686811,0.8196771,0.3421364,0.002058086,0.5919405,1.284265E-05
1042.71,-1.712587E-05,0.8197208,0.3411638,0.001540154,0.5915818,1.498894E-05
1042.725,0.0001119025,0.819774,0.3403164,0.001102895,0.5912829,1.675642E-05
1042.739,0.0001119025,0.819774,0.3403164,0.001102895,0.5912829,1.675642E-05
1042.752,0.0002213888,0.8198264,0.3395716,0.0007343162,0.5910339,1.821132E-05
1042.767,0.0003142896,0.8198727,0.3389163,0.0004238681,0.5908265,1.940872E-05
1042.781,0.0003931809,0.8199114,0.3383412,0.0001624566,0.5906537,2.039398E-05
1042.794,0.0003931809,0.8199114,0.3383412,0.0001624566,0.5906537,2.039398E-05
1042.808,0.0004602908,0.8199431,0.3378383,-5.772496E-05,0.5905096,2.120458E-05
1042.822,0.0005174275,0.8199692,0.3373999,-0.0002432327,0.5903895,2.187156E-05
1042.836,0.0005174275,0.8199692,0.3373999,-0.0002432327,0.5903895,2.187156E-05
1042.85,0.0005660739,0.8199908,0.3370186,-0.0003995576,0.5902895,2.242063E-05
1042.864,0.0006074956,0.8200088,0.3366877,-0.0005313256,0.5902062,2.287253E-05
1042.878,0.0006074956,0.8200088,0.3366877,-0.0005313256,0.5902062,2.287253E-05
1042.891,0.0006427915,0.8200238,0.3364007,-0.00064244,0.5901368,2.32444E-05
1042.906,0.0006728392,0.8200364,0.3361523,-0.0007361369,0.5900789,2.355056E-05
1042.92,0.0006728392,0.8200364,0.3361523,-0.0007361369,0.5900789,2.355056E-05
1042.933,0.0006984268,0.820047,0.3359375,-0.0008151681,0.5900307,2.380278E-05
1042.948,0.0007201959,0.8200558,0.3357519,-0.0008818228,0.5899905,2.401053E-05
1042.962,0.0007387359,0.8200632,0.3355918,-0.0009380663,0.589957,2.418151E-05
1042.975,0.0007387359,0.8200632,0.3355918,-0.0009380663,0.589957,2.418151E-05
1042.989,0.000754517,0.8200694,0.3354537,-0.0009855253,0.5899291,2.432239E-05
1043.003,0.0007679443,0.8200746,0.3353347,-0.001025572,0.5899059,2.443841E-05
1043.017,0.0007679443,0.8200746,0.3353347,-0.001025572,0.5899059,2.443841E-05
1043.031,0.0007793824,0.8200789,0.3352324,-0.001059381,0.5898865,2.453399E-05
1043.045,0.0007891176,0.8200825,0.3351444,-0.00108792,0.5898703,2.461289E-05
1043.059,0.0007891176,0.8200825,0.3351444,-0.00108792,0.5898703,2.461289E-05
1043.072,0.0007974025,0.8200856,0.3350688,-0.001112014,0.5898569,2.467788E-05
1043.087,0.0008044603,0.8200882,0.3350039,-0.001132362,0.5898457,2.473148E-05
1043.101,0.0008104569,0.8200904,0.3349481,-0.001149537,0.5898363,2.477557E-05
1043.115,0.0008104569,0.8200904,0.3349481,-0.001149537,0.5898363,2.477557E-05
1043.128,0.0008155723,0.8200921,0.3349003,-0.001164052,0.5898285,2.481187E-05
1043.142,0.0008199128,0.8200936,0.3348594,-0.0011763,0.589822,2.484184E-05
1043.156,0.0008199128,0.8200936,0.3348594,-0.0011763,0.589822,2.484184E-05
1043.17,0.0008236197,0.8200948,0.3348244,-0.001186657,0.5898166,2.486654E-05
1043.184,0.0008267823,0.8200959,0.3347944,-0.001195415,0.5898121,2.488698E-05
1043.198,0.0008267823,0.8200959,0.3347944,-0.001195415,0.5898121,2.488698E-05
1043.212,0.0008294628,0.8200967,0.3347687,-0.001202804,0.5898083,2.490386E-05
1043.226,0.0008317432,0.8200974,0.3347468,-0.001209047,0.5898052,2.491772E-05
1043.24,0.0008317432,0.8200974,0.3347468,-0.001209047,0.5898052,2.491772E-05
1043.253,0.000833693,0.820098,0.3347281,-0.001214331,0.5898026,2.492918E-05
1043.268,0.000835364,0.8200986,0.3347121,-0.001218806,0.5898005,2.493854E-05
1043.282,0.0008367755,0.8200991,0.3346985,-0.00122258,0.5897987,2.494634E-05
1043.296,0.0008367755,0.8200991,0.3346985,-0.00122258,0.5897987,2.494634E-05
1043.309,0.0008379777,0.8200994,0.3346868,-0.001225771,0.5897972,2.495269E-05
1043.323,0.0008389701,0.8200997,0.3346769,-0.001228441,0.5897959,2.495795E-05
1043.338,0.0008389701,0.8200997,0.3346769,-0.001228441,0.5897959,2.495795E-05
1043.351,0.0008398491,0.8200999,0.3346684,-0.001230726,0.5897949,2.496233E-05
1043.365,0.0008406062,0.8201002,0.3346611,-0.001232666,0.589794,2.496588E-05
1043.379,0.0008406062,0.8201002,0.3346611,-0.001232666,0.589794,2.496588E-05
1043.393,0.0008412439,0.8201004,0.334655,-0.0012343,0.5897933,2.496889E-05
1043.407,0.0008417838,0.8201005,0.3346497,-0.001235679,0.5897927,2.49714E-05
1043.421,0.0008422437,0.8201006,0.3346452,-0.001236847,0.5897922,2.497341E-05
1043.435,0.0008422437,0.8201006,0.3346452,-0.001236847,0.5897922,2.497341E-05
1043.448,0.0008426291,0.8201007,0.3346414,-0.00123783,0.5897918,2.49751E-05
1043.463,0.0008429628,0.8201008,0.3346382,-0.001238666,0.5897914,2.49765E-05
1043.477,0.0008429628,0.8201008,0.3346382,-0.001238666,0.5897914,2.49765E-05
1043.49,0.0008432412,0.8201008,0.3346355,-0.001239368,0.5897911,2.497762E-05
1043.505,0.0008434808,0.8201009,0.3346331,-0.001239965,0.5897909,2.497853E-05
1043.518,0.0008434808,0.8201009,0.3346331,-0.001239965,0.5897909,2.497853E-05
1043.532,0.0008436777,0.820101,0.3346311,-0.001240464,0.5897907,2.497939E-05
1043.546,0.0008438554,0.820101,0.3346294,-0.001240893,0.5897905,2.498007E-05
1043.56,0.0008440151,0.8201011,0.334628,-0.001241264,0.5897904,2.498062E-05
1043.574,0.0008440151,0.8201011,0.334628,-0.001241264,0.5897904,2.498062E-05
1043.588,0.0008441509,0.8201011,0.3346268,-0.001241577,0.5897903,2.498109E-05
1043.602,0.0008442487,0.8201011,0.3346258,-0.001241828,0.5897902,2.498153E-05
1043.616,0.0008442487,0.8201011,0.3346258,-0.001241828,0.5897902,2.498153E-05
1043.629,0.0008443472,0.8201011,0.3346249,-0.001242052,0.5897901,2.498183E-05
1043.644,0.0008444336,0.8201012,0.3346241,-0.001242245,0.58979,2.498199E-05
1043.658,0.0008444336,0.8201012,0.3346241,-0.001242245,0.58979,2.498199E-05
1043.671,0.0008445332,0.8201012,0.3346235,-0.001242429,0.58979,2.498218E-05
1043.686,0.0008445993,0.8201012,0.3346229,-0.00124257,0.5897899,2.498234E-05
1043.699,0.0008445993,0.8201012,0.3346229,-0.00124257,0.5897899,2.498234E-05
1043.713,0.0008446437,0.8201011,0.3346225,-0.00124268,0.5897899,2.498248E-05
1043.728,0.0008446942,0.8201012,0.3346221,-0.001242785,0.5897898,2.498258E-05
1043.741,0.0008447281,0.8201013,0.3346218,-0.001242866,0.5897897,2.498279E-05
1043.804,0.0008447743,0.8201012,0.334621,-0.001243015,0.5897897,2.498281E-05
