Time,r_shoulder,r_shoulder_x,r_upper_arm,r_forearm,r_wrist,r_wrist2hand,r_gripper_thumb,r_gripper_finger,
875.0315,1.356163E-08,-2.061235E-08,NaN,1.683921E-07,-1.734961E-09,NaN,-1.582583E-06,9.000352E-05,NaN,3.523712E-05,-0.007061408,2.284806E-06,-9.00029E-05,NaN,NaN,1.782458E-07,0.007061499,5.38798E-07,-6.961622E-07,9.059906E-08,0.3671734
875.0479,1.356163E-08,-2.061235E-08,NaN,1.683921E-07,-1.734961E-09,NaN,-1.582583E-06,9.000352E-05,NaN,3.523712E-05,-0.007061408,2.284806E-06,-9.00029E-05,NaN,NaN,1.782458E-07,0.007061499,5.38798E-07,-6.961622E-07,9.059906E-08,0.3671734
875.0641,1.356163E-08,-2.061235E-08,NaN,1.683921E-07,-1.734961E-09,NaN,-1.582583E-06,9.000352E-05,NaN,3.523712E-05,-0.007061408,2.284806E-06,-9.00029E-05,NaN,NaN,1.782458E-07,0.007061499,5.38798E-07,-6.961622E-07,9.059906E-08,0.3671734
875.081,1.356163E-08,-2.061235E-08,NaN,1.683921E-07,-1.734961E-09,NaN,-1.582583E-06,9.000352E-05,NaN,3.523712E-05,-0.007061408,2.284806E-06,-9.00029E-05,NaN,NaN,1.782458E-07,0.007061499,5.38798E-07,-6.961622E-07,9.059906E-08,0.3671734
875.0986,1.356163E-08,-2.061235E-08,NaN,1.683921E-07,-1.734961E-09,NaN,-1.582583E-06,9.000352E-05,NaN,3.523712E-05,-0.007061408,2.284806E-06,-9.00029E-05,NaN,NaN,1.782458E-07,0.007061499,5.38798E-07,-6.961622E-07,9.059906E-08,0.3671734
875.1161,1.356163E-08,-2.061235E-08,NaN,1.683921E-07,-1.734961E-09,NaN,-1.582583E-06,9.000352E-05,NaN,3.523712E-05,-0.007061408,2.284806E-06,-9.00029E-05,NaN,NaN,1.782458E-07,0.007061499,5.38798E-07,-6.961622E-07,9.059906E-08,0.3671734
875.1333,1.356163E-08,-2.061235E-08,NaN,1.683921E-07,-1.734961E-09,NaN,-1.582583E-06,9.000352E-05,NaN,3.523712E-05,-0.007061408,2.284806E-06,-9.00029E-05,NaN,NaN,1.782458E-07,0.007061499,5.38798E-07,-6.961622E-07,9.059906E-08,0.3671734
875.1509,1.356163E-08,-2.061235E-08,NaN,1.683921E-07,-1.734961E-09,NaN,-1.582583E-06,9.000352E-05,NaN,3.523712E-05,-0.007061408,2.284806E-06,-9.00029E-05,NaN,NaN,1.782458E-07,0.007061499,5.38798E-07,-6.961622E-07,9.059906E-08,0.3671734
875.1678,1.356163E-08,-2.061235E-08,NaN,1.683921E-07,-1.734961E-09,NaN,-1.582583E-06,9.000352E-05,NaN,3.523712E-05,-0.007061408,2.284806E-06,-9.00029E-05,NaN,NaN,1.782458E-07,0.007061499,5.38798E-07,-6.961622E-07,9.059906E-08,0.3671734
875.1855,1.356163E-08,-2.061235E-08,NaN,1.683921E-07,-1.734961E-09,NaN,-1.582583E-06,9.000352E-05,NaN,3.523712E-05,-0.007061408,2.284806E-06,-9.00029E-05,NaN,NaN,1.782458E-07,0.007061499,5.38798E-07,-6.961622E-07,9.059906E-08,0.3671734
875.2025,1.356163E-08,-2.061235E-08,NaN,1.683921E-07,-1.734961E-09,NaN,-1.582583E-06,9.000352E-05,NaN,3.523712E-05,-0.007061408,2.284806E-06,-9.00029E-05,NaN,NaN,1.782458E-07,0.007061499,5.38798E-07,-6.961622E-07,9.059906E-08,0.3671734
875.22,1.356163E-08,-2.061235E-08,NaN,1.683921E-07,-1.734961E-09,NaN,-1.582583E-06,9.000352E-05,NaN,3.523712E-05,-0.007061408,2.284806E-06,-9.00029E-05,NaN,NaN,1.782458E-07,0.007061499,5.38798E-07,-6.961622E-07,9.059906E-08,0.3671734
875.2375,1.356163E-08,-2.061235E-08,NaN,1.683921E-07,-1.734961E-09,NaN,-1.582583E-06,9.000352E-05,NaN,3.523712E-05,-0.007061408,2.284806E-06,-9.00029E-05,NaN,NaN,1.782458E-07,0.007061499,5.38798E-07,-6.961622E-07,9.059906E-08,0.3671734
875.2542,1.356163E-08,-2.061235E-08,NaN,1.683921E-07,-1.734961E-09,NaN,-1.582583E-06,9.000352E-05,NaN,3.523712E-05,-0.007061408,2.284806E-06,-9.00029E-05,NaN,NaN,1.782458E-07,0.007061499,5.38798E-07,-6.961622E-07,9.059906E-08,0.3671734
875.2719,1.356163E-08,-2.061235E-08,NaN,1.683921E-07,-1.734961E-09,NaN,-1.582583E-06,9.000352E-05,NaN,3.523712E-05,-0.007061408,2.284806E-06,-9.00029E-05,NaN,NaN,1.782458E-07,0.007061499,5.38798E-07,-6.961622E-07,9.059906E-08,0.3671734
875.2892,1.356163E-08,-2.061235E-08,NaN,1.683921E-07,-1.734961E-09,NaN,-1.582583E-06,9.000352E-05,NaN,3.523712E-05,-0.007061408,2.284806E-06,-9.00029E-05,NaN,NaN,1.782458E-07,0.007061499,5.38798E-07,-6.961622E-07,9.059906E-08,0.3671734
875.3066,1.356163E-08,-2.061235E-08,NaN,1.683921E-07,-1.734961E-09,NaN,-1.582583E-06,9.000352E-05,NaN,3.523712E-05,-0.007061408,2.284806E-06,-9.00029E-05,NaN,NaN,1.782458E-07,0.007061499,5.38798E-07,-6.961622E-07,9.059906E-08,0.3671734
875.3239,1.356163E-08,-2.061235E-08,NaN,1.683921E-07,-1.734961E-09,NaN,-1.582583E-06,9.000352E-05,NaN,3.523712E-05,-0.007061408,2.284806E-06,-9.00029E-05,NaN,NaN,1.782458E-07,0.007061499,5.38798E-07,-6.961622E-07,9.059906E-08,0.3671734
875.3412,1.356163E-08,-2.061235E-08,NaN,1.683921E-07,-1.734961E-09,NaN,-1.582583E-06,9.000352E-05,NaN,3.523712E-05,-0.007061408,2.284806E-06,-9.00029E-05,NaN,NaN,1.782458E-07,0.007061499,5.38798E-07,-6.961622E-07,9.059906E-08,0.3671734
875.3584,1.356163E-08,-2.061235E-08,NaN,1.683921E-07,-1.734961E-09,NaN,-1.582583E-06,9.000352E-05,NaN,3.523712E-05,-0.007061408,2.284806E-06,-9.00029E-05,NaN,NaN,1.782458E-07,0.007061499,5.38798E-07,-6.961622E-07,9.059906E-08,0.3671734
875.3753,1.356163E-08,-2.061235E-08,NaN,1.683921E-07,-1.734961E-09,NaN,-1.582583E-06,9.000352E-05,NaN,3.523712E-05,-0.007061408,2.284806E-06,-9.00029E-05,NaN,NaN,1.782458E-07,0.007061499,5.38798E-07,-6.961622E-07,9.059906E-08,0.3671734
875.3931,1.356163E-08,-2.061235E-08,NaN,1.683921E-07,-1.734961E-09,NaN,-1.582583E-06,9.000352E-05,NaN,3.523712E-05,-0.007061408,2.284806E-06,-9.00029E-05,NaN,NaN,1.782458E-07,0.007061499,5.38798E-07,-6.961622E-07,9.059906E-08,0.3671734
875.4105,1.356163E-08,-2.061235E-08,NaN,1.683921E-07,-1.734961E-09,NaN,-1.582583E-06,9.000352E-05,NaN,3.523712E-05,-0.007061408,2.284806E-06,-9.00029E-05,NaN,NaN,1.782458E-07,0.007061499,5.38798E-07,-6.961622E-07,9.059906E-08,0.3671734
875.4272,1.356163E-08,-2.061235E-08,NaN,1.683921E-07,-1.734961E-09,NaN,-1.582583E-06,9.000352E-05,NaN,3.523712E-05,-0.007061408,2.284806E-06,-9.00029E-05,NaN,NaN,1.782458E-07,0.007061499,5.38798E-07,-6.961622E-07,9.059906E-08,0.3671734
875.4446,1.356163E-08,-2.061235E-08,NaN,1.683921E-07,-1.734961E-09,NaN,-1.582583E-06,9.000352E-05,NaN,3.523712E-05,-0.007061408,2.284806E-06,-9.00029E-05,NaN,NaN,1.782458E-07,0.007061499,5.38798E-07,-6.961622E-07,9.059906E-08,0.3671734
875.4618,1.356163E-08,-2.061235E-08,NaN,1.683921E-07,-1.734961E-09,NaN,-1.582583E-06,9.000352E-05,NaN,3.523712E-05,-0.007061408,2.284806E-06,-9.00029E-05,NaN,NaN,1.782458E-07,0.007061499,5.38798E-07,-6.961622E-07,9.059906E-08,0.3671734
875.479,1.356163E-08,-2.061235E-08,NaN,1.683921E-07,-1.734961E-09,NaN,-1.582583E-06,9.000352E-05,NaN,3.523712E-05,-0.007061408,2.284806E-06,-9.00029E-05,NaN,NaN,1.782458E-07,0.007061499,5.38798E-07,-6.961622E-07,9.059906E-08,0.3671734
875.4956,1.356163E-08,-2.061235E-08,NaN,1.683921E-07,-1.734961E-09,NaN,-1.582583E-06,9.000352E-05,NaN,3.523712E-05,-0.007061408,2.284806E-06,-9.00029E-05,NaN,NaN,1.782458E-07,0.007061499,5.38798E-07,-6.961622E-07,9.059906E-08,0.3671734
875.5132,1.356163E-08,-2.061235E-08,NaN,1.683921E-07,-1.734961E-09,NaN,-1.582583E-06,9.000352E-05,NaN,3.523712E-05,-0.007061408,2.284806E-06,-9.00029E-05,NaN,NaN,1.782458E-07,0.007061499,5.38798E-07,-6.961622E-07,9.059906E-08,0.3671734
875.5305,1.356163E-08,-2.061235E-08,NaN,1.683921E-07,-1.734961E-09,NaN,-1.582583E-06,9.000352E-05,NaN,3.523712E-05,-0.007061408,2.284806E-06,-9.00029E-05,NaN,NaN,1.782458E-07,0.007061499,5.38798E-07,-6.961622E-07,9.059906E-08,0.3671734
875.549,1.356163E-08,-2.061235E-08,NaN,1.683921E-07,-1.734961E-09,NaN,-1.582583E-06,9.000352E-05,NaN,3.523712E-05,-0.007061408,2.284806E-06,-9.00029E-05,NaN,NaN,1.782458E-07,0.007061499,5.38798E-07,-6.961622E-07,9.059906E-08,0.3671734
875.5647,1.356163E-08,-2.061235E-08,NaN,1.683921E-07,-1.734961E-09,NaN,-1.582583E-06,9.000352E-05,NaN,3.523712E-05,-0.007061408,2.284806E-06,-9.00029E-05,NaN,NaN,1.782458E-07,0.007061499,5.38798E-07,-6.961622E-07,9.059906E-08,0.3671734
875.5817,1.356163E-08,-2.061235E-08,NaN,1.683921E-07,-1.734961E-09,NaN,-1.582583E-06,9.000352E-05,NaN,3.523712E-05,-0.007061408,2.284806E-06,-9.00029E-05,NaN,NaN,1.782458E-07,0.007061499,5.38798E-07,-6.961622E-07,9.059906E-08,0.3671734
875.5995,1.356163E-08,-2.061235E-08,NaN,1.683921E-07,-1.734961E-09,NaN,-1.582583E-06,9.000352E-05,NaN,3.523712E-05,-0.007061408,2.284806E-06,-9.00029E-05,NaN,NaN,1.782458E-07,0.007061499,5.38798E-07,-6.961622E-07,9.059906E-08,0.3671734
875.6161,1.356163E-08,-2.061235E-08,NaN,1.683921E-07,-1.734961E-09,NaN,-1.582583E-06,9.000352E-05,NaN,3.523712E-05,-0.007061408,2.284806E-06,-9.00029E-05,NaN,NaN,1.782458E-07,0.007061499,5.38798E-07,-6.961622E-07,9.059906E-08,0.3671734
875.6337,1.356163E-08,-2.061235E-08,NaN,1.683921E-07,-1.734961E-09,NaN,-1.582583E-06,9.000352E-05,NaN,3.523712E-05,-0.007061408,2.284806E-06,-9.00029E-05,NaN,NaN,1.782458E-07,0.007061499,5.38798E-07,-6.961622E-07,9.059906E-08,0.3671734
875.6509,1.356163E-08,-2.061235E-08,NaN,1.683921E-07,-1.734961E-09,NaN,-1.582583E-06,9.000352E-05,NaN,3.523712E-05,-0.007061408,2.284806E-06,-9.00029E-05,NaN,NaN,1.782458E-07,0.007061499,5.38798E-07,-6.961622E-07,9.059906E-08,0.3671734
875.6682,1.356163E-08,-2.061235E-08,NaN,1.683921E-07,-1.734961E-09,NaN,-1.582583E-06,9.000352E-05,NaN,3.523712E-05,-0.007061408,2.284806E-06,-9.00029E-05,NaN,NaN,1.782458E-07,0.007061499,5.38798E-07,-6.961622E-07,9.059906E-08,0.3671734
875.6855,1.356163E-08,-2.061235E-08,NaN,1.683921E-07,-1.734961E-09,NaN,-1.582583E-06,9.000352E-05,NaN,3.523712E-05,-0.007061408,2.284806E-06,-9.00029E-05,NaN,NaN,1.782458E-07,0.007061499,5.38798E-07,-6.961622E-07,9.059906E-08,0.3671734
875.7026,1.356163E-08,-2.061235E-08,NaN,1.683921E-07,-1.734961E-09,NaN,-1.582583E-06,9.000352E-05,NaN,3.523712E-05,-0.007061408,2.284806E-06,-9.00029E-05,NaN,NaN,1.782458E-07,0.007061499,5.38798E-07,-6.961622E-07,9.059906E-08,0.3671734
875.7197,1.356163E-08,-2.061235E-08,NaN,1.683921E-07,-1.734961E-09,NaN,-1.582583E-06,9.000352E-05,NaN,3.523712E-05,-0.007061408,2.284806E-06,-9.00029E-05,NaN,NaN,1.782458E-07,0.007061499,5.38798E-07,-6.961622E-07,9.059906E-08,0.3671734
875.7364,1.356163E-08,-2.061235E-08,NaN,1.683921E-07,-1.734961E-09,NaN,-1.582583E-06,9.000352E-05,NaN,3.523712E-05,-0.007061408,2.284806E-06,-9.00029E-05,NaN,NaN,1.782458E-07,0.007061499,5.38798E-07,-6.961622E-07,9.059906E-08,0.3671734
875.7542,1.356163E-08,-2.061235E-08,NaN,1.683921E-07,-1.734961E-09,NaN,-1.582583E-06,9.000352E-05,NaN,3.523712E-05,-0.007061408,2.284806E-06,-9.00029E-05,NaN,NaN,1.782458E-07,0.007061499,5.38798E-07,-6.961622E-07,9.059906E-08,0.3671734
875.7711,1.356163E-08,-2.061235E-08,NaN,1.683921E-07,-1.734961E-09,NaN,-1.582583E-06,9.000352E-05,NaN,3.523712E-05,-0.007061408,2.284806E-06,-9.00029E-05,NaN,NaN,1.782458E-07,0.007061499,5.38798E-07,-6.961622E-07,9.059906E-08,0.3671734
875.7887,1.356163E-08,-2.061235E-08,NaN,1.683921E-07,-1.734961E-09,NaN,-1.582583E-06,9.000352E-05,NaN,3.523712E-05,-0.007061408,2.284806E-06,-9.00029E-05,NaN,NaN,1.782458E-07,0.007061499,5.38798E-07,-6.961622E-07,9.059906E-08,0.3671734
875.806,1.356163E-08,-2.061235E-08,NaN,1.683921E-07,-1.734961E-09,NaN,-1.582583E-06,9.000352E-05,NaN,3.523712E-05,-0.007061408,2.284806E-06,-9.00029E-05,NaN,NaN,1.782458E-07,0.007061499,5.38798E-07,-6.961622E-07,9.059906E-08,0.3671734
875.8237,1.356163E-08,-2.061235E-08,NaN,1.683921E-07,-1.734961E-09,NaN,-1.582583E-06,9.000352E-05,NaN,3.523712E-05,-0.007061408,2.284806E-06,-9.00029E-05,NaN,NaN,1.782458E-07,0.007061499,5.38798E-07,-6.961622E-07,9.059906E-08,0.3671734
875.8416,1.356163E-08,-2.061235E-08,NaN,1.683921E-07,-1.734961E-09,NaN,-1.582583E-06,9.000352E-05,NaN,3.523712E-05,-0.007061408,2.284806E-06,-9.00029E-05,NaN,NaN,1.782458E-07,0.007061499,5.38798E-07,-6.961622E-07,9.059906E-08,0.3671734
875.86,1.356163E-08,-2.061235E-08,NaN,1.683921E-07,-1.734961E-09,NaN,-1.582583E-06,9.000352E-05,NaN,3.523712E-05,-0.007061408,2.284806E-06,-9.00029E-05,NaN,NaN,1.782458E-07,0.007061499,5.38798E-07,-6.961622E-07,9.059906E-08,0.3671734
875.8792,1.356163E-08,-2.061235E-08,NaN,1.683921E-07,-1.734961E-09,NaN,-1.582583E-06,9.000352E-05,NaN,3.523712E-05,-0.007061408,2.284806E-06,-9.00029E-05,NaN,NaN,1.782458E-07,0.007061499,5.38798E-07,-6.961622E-07,9.059906E-08,0.3671734
875.897,1.356163E-08,-2.061235E-08,NaN,1.683921E-07,-1.734961E-09,NaN,-1.582583E-06,9.000352E-05,NaN,3.523712E-05,-0.007061408,2.284806E-06,-9.00029E-05,NaN,NaN,1.782458E-07,0.007061499,5.38798E-07,-6.961622E-07,9.059906E-08,0.3671734
875.9154,1.356163E-08,-2.061235E-08,NaN,1.683921E-07,-1.734961E-09,NaN,-1.582583E-06,9.000352E-05,NaN,3.523712E-05,-0.007061408,2.284806E-06,-9.00029E-05,NaN,NaN,1.782458E-07,0.007061499,5.38798E-07,-6.961622E-07,9.059906E-08,0.3671734
875.9349,1.356163E-08,-2.061235E-08,NaN,1.683921E-07,-1.734961E-09,NaN,-1.582583E-06,9.000352E-05,NaN,3.523712E-05,-0.007061408,2.284806E-06,-9.00029E-05,NaN,NaN,1.782458E-07,0.007061499,5.38798E-07,-6.961622E-07,9.059906E-08,0.3671734
875.9527,1.356163E-08,-2.061235E-08,NaN,1.683921E-07,-1.734961E-09,NaN,-1.582583E-06,9.000352E-05,NaN,3.523712E-05,-0.007061408,2.284806E-06,-9.00029E-05,NaN,NaN,1.782458E-07,0.007061499,5.38798E-07,-6.961622E-07,9.059906E-08,0.3671734
875.9768,1.356163E-08,-2.061235E-08,NaN,1.683921E-07,-1.734961E-09,NaN,-1.582583E-06,9.000352E-05,NaN,3.523712E-05,-0.007061408,2.284806E-06,-9.00029E-05,NaN,NaN,1.782458E-07,0.007061499,5.38798E-07,-6.961622E-07,9.059906E-08,0.3671734
875.9949,1.356163E-08,-2.061235E-08,NaN,1.683921E-07,-1.734961E-09,NaN,-1.582583E-06,9.000352E-05,NaN,3.523712E-05,-0.007061408,2.284806E-06,-9.00029E-05,NaN,NaN,1.782458E-07,0.007061499,5.38798E-07,-6.961622E-07,9.059906E-08,0.3671734
876.0185,1.356163E-08,-2.061235E-08,NaN,1.683921E-07,-1.734961E-09,NaN,-1.582583E-06,9.000352E-05,NaN,3.523712E-05,-0.007061408,2.284806E-06,-9.00029E-05,NaN,NaN,1.782458E-07,0.007061499,5.38798E-07,-6.961622E-07,9.059906E-08,0.3671734
876.0367,1.356163E-08,-2.061235E-08,NaN,1.683921E-07,-1.734961E-09,NaN,-1.582583E-06,9.000352E-05,NaN,3.523712E-05,-0.007061408,2.284806E-06,-9.00029E-05,NaN,NaN,1.782458E-07,0.007061499,5.38798E-07,-6.961622E-07,9.059906E-08,0.3671734
876.0549,1.356163E-08,-2.061235E-08,NaN,1.683921E-07,-1.734961E-09,NaN,-1.582583E-06,9.000352E-05,NaN,3.523712E-05,-0.007061408,2.284806E-06,-9.00029E-05,NaN,NaN,1.782458E-07,0.007061499,5.38798E-07,-6.961622E-07,9.059906E-08,0.3671734
876.0754,1.356163E-08,-2.061235E-08,NaN,1.683921E-07,-1.734961E-09,NaN,-1.582583E-06,9.000352E-05,NaN,3.523712E-05,-0.007061408,2.284806E-06,-9.00029E-05,NaN,NaN,1.782458E-07,0.007061499,5.38798E-07,-6.961622E-07,9.059906E-08,0.3671734
876.0925,1.356163E-08,-2.061235E-08,NaN,1.683921E-07,-1.734961E-09,NaN,-1.582583E-06,9.000352E-05,NaN,3.523712E-05,-0.007061408,2.284806E-06,-9.00029E-05,NaN,NaN,1.782458E-07,0.007061499,5.38798E-07,-6.961622E-07,9.059906E-08,0.3671734
876.1107,1.356163E-08,-2.061235E-08,NaN,1.683921E-07,-1.734961E-09,NaN,-1.582583E-06,9.000352E-05,NaN,3.523712E-05,-0.007061408,2.284806E-06,-9.00029E-05,NaN,NaN,1.782458E-07,0.007061499,5.38798E-07,-6.961622E-07,9.059906E-08,0.3671734
876.1295,1.356163E-08,-2.061235E-08,NaN,1.683921E-07,-1.734961E-09,NaN,-1.582583E-06,9.000352E-05,NaN,3.523712E-05,-0.007061408,2.284806E-06,-9.00029E-05,NaN,NaN,1.782458E-07,0.007061499,5.38798E-07,-6.961622E-07,9.059906E-08,0.3671734
876.147,1.356163E-08,-2.061235E-08,NaN,1.683921E-07,-1.734961E-09,NaN,-1.582583E-06,9.000352E-05,NaN,3.523712E-05,-0.007061408,2.284806E-06,-9.00029E-05,NaN,NaN,1.782458E-07,0.007061499,5.38798E-07,-6.961622E-07,9.059906E-08,0.3671734
876.1648,1.356163E-08,-2.061235E-08,NaN,1.683921E-07,-1.734961E-09,NaN,-1.582583E-06,9.000352E-05,NaN,3.523712E-05,-0.007061408,2.284806E-06,-9.00029E-05,NaN,NaN,1.782458E-07,0.007061499,5.38798E-07,-6.961622E-07,9.059906E-08,0.3671734
876.1823,1.356163E-08,-2.061235E-08,NaN,1.683921E-07,-1.734961E-09,NaN,-1.582583E-06,9.000352E-05,NaN,3.523712E-05,-0.007061408,2.284806E-06,-9.00029E-05,NaN,NaN,1.782458E-07,0.007061499,5.38798E-07,-6.961622E-07,9.059906E-08,0.3671734
876.1997,1.356163E-08,-2.061235E-08,NaN,1.683921E-07,-1.734961E-09,NaN,-1.582583E-06,9.000352E-05,NaN,3.523712E-05,-0.007061408,2.284806E-06,-9.00029E-05,NaN,NaN,1.782458E-07,0.007061499,5.38798E-07,-6.961622E-07,9.059906E-08,0.3671734
876.2172,1.356163E-08,-2.061235E-08,NaN,1.683921E-07,-1.734961E-09,NaN,-1.582583E-06,9.000352E-05,NaN,3.523712E-05,-0.007061408,2.284806E-06,-9.00029E-05,NaN,NaN,1.782458E-07,0.007061499,5.38798E-07,-6.961622E-07,9.059906E-08,0.3671734
876.2347,1.356163E-08,-2.061235E-08,NaN,1.683921E-07,-1.734961E-09,NaN,-1.582583E-06,9.000352E-05,NaN,3.523712E-05,-0.007061408,2.284806E-06,-9.00029E-05,NaN,NaN,1.782458E-07,0.007061499,5.38798E-07,-6.961622E-07,9.059906E-08,0.3671734
876.2523,1.356163E-08,-2.061235E-08,NaN,1.683921E-07,-1.734961E-09,NaN,-1.582583E-06,9.000352E-05,NaN,3.523712E-05,-0.007061408,2.284806E-06,-9.00029E-05,NaN,NaN,1.782458E-07,0.007061499,5.38798E-07,-6.961622E-07,9.059906E-08,0.3671734
876.2697,1.356163E-08,-2.061235E-08,NaN,1.683921E-07,-1.734961E-09,NaN,-1.582583E-06,9.000352E-05,NaN,3.523712E-05,-0.007061408,2.284806E-06,-9.00029E-05,NaN,NaN,1.782458E-07,0.007061499,5.38798E-07,-6.961622E-07,9.059906E-08,0.3671734
876.287,1.356163E-08,-2.061235E-08,NaN,1.683921E-07,-1.734961E-09,NaN,-1.582583E-06,9.000352E-05,NaN,3.523712E-05,-0.007061408,2.284806E-06,-9.00029E-05,NaN,NaN,1.782458E-07,0.007061499,5.38798E-07,-6.961622E-07,9.059906E-08,0.3671734
876.3044,1.356163E-08,-2.061235E-08,NaN,1.683921E-07,-1.734961E-09,NaN,-1.582583E-06,9.000352E-05,NaN,3.523712E-05,-0.007061408,2.284806E-06,-9.00029E-05,NaN,NaN,1.782458E-07,0.007061499,5.38798E-07,-6.961622E-07,9.059906E-08,0.3671734
876.3218,1.356163E-08,-2.061235E-08,NaN,1.683921E-07,-1.734961E-09,NaN,-1.582583E-06,9.000352E-05,NaN,3.523712E-05,-0.007061408,2.284806E-06,-9.00029E-05,NaN,NaN,1.782458E-07,0.007061499,5.38798E-07,-6.961622E-07,9.059906E-08,0.3671734
876.3394,1.356163E-08,-2.061235E-08,NaN,1.683921E-07,-1.734961E-09,NaN,-1.582583E-06,9.000352E-05,NaN,3.523712E-05,-0.007061408,2.284806E-06,-9.00029E-05,NaN,NaN,1.782458E-07,0.007061499,5.38798E-07,-6.961622E-07,9.059906E-08,0.3671734
876.3561,1.356163E-08,-2.061235E-08,NaN,1.683921E-07,-1.734961E-09,NaN,-1.582583E-06,9.000352E-05,NaN,3.523712E-05,-0.007061408,2.284806E-06,-9.00029E-05,NaN,NaN,1.782458E-07,0.007061499,5.38798E-07,-6.961622E-07,9.059906E-08,0.3671734
876.3739,1.356163E-08,-2.061235E-08,NaN,1.683921E-07,-1.734961E-09,NaN,-1.582583E-06,9.000352E-05,NaN,3.523712E-05,-0.007061408,2.284806E-06,-9.00029E-05,NaN,NaN,1.782458E-07,0.007061499,5.38798E-07,-6.961622E-07,9.059906E-08,0.3671734
876.3915,1.356163E-08,-2.061235E-08,NaN,1.683921E-07,-1.734961E-09,NaN,-1.582583E-06,9.000352E-05,NaN,3.523712E-05,-0.007061408,2.284806E-06,-9.00029E-05,NaN,NaN,1.782458E-07,0.007061499,5.38798E-07,-6.961622E-07,9.059906E-08,0.3671734
876.4089,1.356163E-08,-2.061235E-08,NaN,1.683921E-07,-1.734961E-09,NaN,-1.582583E-06,9.000352E-05,NaN,3.523712E-05,-0.007061408,2.284806E-06,-9.00029E-05,NaN,NaN,1.782458E-07,0.007061499,5.38798E-07,-6.961622E-07,9.059906E-08,0.3671734
876.4262,1.356163E-08,-2.061235E-08,NaN,1.683921E-07,-1.734961E-09,NaN,-1.582583E-06,9.000352E-05,NaN,3.523712E-05,-0.007061408,2.284806E-06,-9.00029E-05,NaN,NaN,1.782458E-07,0.007061499,5.38798E-07,-6.961622E-07,9.059906E-08,0.3671734
876.4435,1.356163E-08,-2.061235E-08,NaN,1.683921E-07,-1.734961E-09,NaN,-1.582583E-06,9.000352E-05,NaN,3.523712E-05,-0.007061408,2.284806E-06,-9.00029E-05,NaN,NaN,1.782458E-07,0.007061499,5.38798E-07,-6.961622E-07,9.059906E-08,0.3671734
876.4611,1.356163E-08,-2.061235E-08,NaN,1.683921E-07,-1.734961E-09,NaN,-1.582583E-06,9.000352E-05,NaN,3.523712E-05,-0.007061408,2.284806E-06,-9.00029E-05,NaN,NaN,1.782458E-07,0.007061499,5.38798E-07,-6.961622E-07,9.059906E-08,0.3671734
876.4785,1.356163E-08,-2.061235E-08,NaN,1.683921E-07,-1.734961E-09,NaN,-1.582583E-06,9.000352E-05,NaN,3.523712E-05,-0.007061408,2.284806E-06,-9.00029E-05,NaN,NaN,1.782458E-07,0.007061499,5.38798E-07,-6.961622E-07,9.059906E-08,0.3671734
876.4955,1.356163E-08,-2.061235E-08,NaN,1.683921E-07,-1.734961E-09,NaN,-1.582583E-06,9.000352E-05,NaN,3.523712E-05,-0.007061408,2.284806E-06,-9.00029E-05,NaN,NaN,1.782458E-07,0.007061499,5.38798E-07,-6.961622E-07,9.059906E-08,0.3671734
876.513,1.356163E-08,-2.061235E-08,NaN,1.683921E-07,-1.734961E-09,NaN,-1.582583E-06,9.000352E-05,NaN,3.523712E-05,-0.007061408,2.284806E-06,-9.00029E-05,NaN,NaN,1.782458E-07,0.007061499,5.38798E-07,-6.961622E-07,9.059906E-08,0.3671734
876.5306,1.356163E-08,-2.061235E-08,NaN,1.683921E-07,-1.734961E-09,NaN,-1.582583E-06,9.000352E-05,NaN,3.523712E-05,-0.007061408,2.284806E-06,-9.00029E-05,NaN,NaN,1.782458E-07,0.007061499,5.38798E-07,-6.961622E-07,9.059906E-08,0.3671734
876.5477,1.356163E-08,-2.061235E-08,NaN,1.683921E-07,-1.734961E-09,NaN,-1.582583E-06,9.000352E-05,NaN,3.523712E-05,-0.007061408,2.284806E-06,-9.00029E-05,NaN,NaN,1.782458E-07,0.007061499,5.38798E-07,-6.961622E-07,9.059906E-08,0.3671734
876.5652,1.356163E-08,-2.061235E-08,NaN,1.683921E-07,-1.734961E-09,NaN,-1.582583E-06,9.000352E-05,NaN,3.523712E-05,-0.007061408,2.284806E-06,-9.00029E-05,NaN,NaN,1.782458E-07,0.007061499,5.38798E-07,-6.961622E-07,9.059906E-08,0.3671734
876.5843,1.356163E-08,-2.061235E-08,NaN,1.683921E-07,-1.734961E-09,NaN,-1.582583E-06,9.000352E-05,NaN,3.523712E-05,-0.007061408,2.284806E-06,-9.00029E-05,NaN,NaN,1.782458E-07,0.007061499,5.38798E-07,-6.961622E-07,9.059906E-08,0.3671734
876.6003,1.356163E-08,-2.061235E-08,NaN,1.683921E-07,-1.734961E-09,NaN,-1.582583E-06,9.000352E-05,NaN,3.523712E-05,-0.007061408,2.284806E-06,-9.00029E-05,NaN,NaN,1.782458E-07,0.007061499,5.38798E-07,-6.961622E-07,9.059906E-08,0.3671734
876.6176,1.356163E-08,-2.061235E-08,NaN,1.683921E-07,-1.734961E-09,NaN,-1.582583E-06,9.000352E-05,NaN,3.523712E-05,-0.007061408,2.284806E-06,-9.00029E-05,NaN,NaN,1.782458E-07,0.007061499,5.38798E-07,-6.961622E-07,9.059906E-08,0.3671734
876.6347,1.356163E-08,-2.061235E-08,NaN,1.683921E-07,-1.734961E-09,NaN,-1.582583E-06,9.000352E-05,NaN,3.523712E-05,-0.007061408,2.284806E-06,-9.00029E-05,NaN,NaN,1.782458E-07,0.007061499,5.38798E-07,-6.961622E-07,9.059906E-08,0.3671734
876.6526,1.356163E-08,-2.061235E-08,NaN,1.683921E-07,-1.734961E-09,NaN,-1.582583E-06,9.000352E-05,NaN,3.523712E-05,-0.007061408,2.284806E-06,-9.00029E-05,NaN,NaN,1.782458E-07,0.007061499,5.38798E-07,-6.961622E-07,9.059906E-08,0.3671734
876.6702,1.356163E-08,-2.061235E-08,NaN,1.683921E-07,-1.734961E-09,NaN,-1.582583E-06,9.000352E-05,NaN,3.523712E-05,-0.007061408,2.284806E-06,-9.00029E-05,NaN,NaN,1.782458E-07,0.007061499,5.38798E-07,-6.961622E-07,9.059906E-08,0.3671734
876.6877,1.356163E-08,-2.061235E-08,NaN,1.683921E-07,-1.734961E-09,NaN,-1.582583E-06,9.000352E-05,NaN,3.523712E-05,-0.007061408,2.284806E-06,-9.00029E-05,NaN,NaN,1.782458E-07,0.007061499,5.38798E-07,-6.961622E-07,9.059906E-08,0.3671734
876.7051,1.356163E-08,-2.061235E-08,NaN,1.683921E-07,-1.734961E-09,NaN,-1.582583E-06,9.000352E-05,NaN,3.523712E-05,-0.007061408,2.284806E-06,-9.00029E-05,NaN,NaN,1.782458E-07,0.007061499,5.38798E-07,-6.961622E-07,9.059906E-08,0.3671734
876.7227,1.356163E-08,-2.061235E-08,NaN,1.683921E-07,-1.734961E-09,NaN,-1.582583E-06,9.000352E-05,NaN,3.523712E-05,-0.007061408,2.284806E-06,-9.00029E-05,NaN,NaN,1.782458E-07,0.007061499,5.38798E-07,-6.961622E-07,9.059906E-08,0.3671734
876.7407,1.356163E-08,-2.061235E-08,NaN,1.683921E-07,-1.734961E-09,NaN,-1.582583E-06,9.000352E-05,NaN,3.523712E-05,-0.007061408,2.284806E-06,-9.00029E-05,NaN,NaN,1.782458E-07,0.007061499,5.38798E-07,-6.961622E-07,9.059906E-08,0.3671734
876.7586,1.356163E-08,-2.061235E-08,NaN,1.683921E-07,-1.734961E-09,NaN,-1.582583E-06,9.000352E-05,NaN,3.523712E-05,-0.007061408,2.284806E-06,-9.00029E-05,NaN,NaN,1.782458E-07,0.007061499,5.38798E-07,-6.961622E-07,9.059906E-08,0.3671734
876.7761,1.356163E-08,-2.061235E-08,NaN,1.683921E-07,-1.734961E-09,NaN,-1.582583E-06,9.000352E-05,NaN,3.523712E-05,-0.007061408,2.284806E-06,-9.00029E-05,NaN,NaN,1.782458E-07,0.007061499,5.38798E-07,-6.961622E-07,9.059906E-08,0.3671734
876.7944,1.356163E-08,-2.061235E-08,NaN,1.683921E-07,-1.734961E-09,NaN,-1.582583E-06,9.000352E-05,NaN,3.523712E-05,-0.007061408,2.284806E-06,-9.00029E-05,NaN,NaN,1.782458E-07,0.007061499,5.38798E-07,-6.961622E-07,9.059906E-08,0.3671734
876.8127,1.356163E-08,-2.061235E-08,NaN,1.683921E-07,-1.734961E-09,NaN,-1.582583E-06,9.000352E-05,NaN,3.523712E-05,-0.007061408,2.284806E-06,-9.00029E-05,NaN,NaN,1.782458E-07,0.007061499,5.38798E-07,-6.961622E-07,9.059906E-08,0.3671734
876.8306,1.356163E-08,-2.061235E-08,NaN,1.683921E-07,-1.734961E-09,NaN,-1.582583E-06,9.000352E-05,NaN,3.523712E-05,-0.007061408,2.284806E-06,-9.00029E-05,NaN,NaN,1.782458E-07,0.007061499,5.38798E-07,-6.961622E-07,9.059906E-08,0.3671734
876.8487,1.356163E-08,-2.061235E-08,NaN,1.683921E-07,-1.734961E-09,NaN,-1.582583E-06,9.000352E-05,NaN,3.523712E-05,-0.007061408,2.284806E-06,-9.00029E-05,NaN,NaN,1.782458E-07,0.007061499,5.38798E-07,-6.961622E-07,9.059906E-08,0.3671734
876.8679,1.356163E-08,-2.061235E-08,NaN,1.683921E-07,-1.734961E-09,NaN,-1.582583E-06,9.000352E-05,NaN,3.523712E-05,-0.007061408,2.284806E-06,-9.00029E-05,NaN,NaN,1.782458E-07,0.007061499,5.38798E-07,-6.961622E-07,9.059906E-08,0.3671734
876.8859,1.356163E-08,-2.061235E-08,NaN,1.683921E-07,-1.734961E-09,NaN,-1.582583E-06,9.000352E-05,NaN,3.523712E-05,-0.007061408,2.284806E-06,-9.00029E-05,NaN,NaN,1.782458E-07,0.007061499,5.38798E-07,-6.961622E-07,9.059906E-08,0.3671734
876.9036,1.356163E-08,-2.061235E-08,NaN,1.683921E-07,-1.734961E-09,NaN,-1.582583E-06,9.000352E-05,NaN,3.523712E-05,-0.007061408,2.284806E-06,-9.00029E-05,NaN,NaN,1.782458E-07,0.007061499,5.38798E-07,-6.961622E-07,9.059906E-08,0.3671734
876.9235,1.356163E-08,-2.061235E-08,NaN,1.683921E-07,-1.734961E-09,NaN,-1.582583E-06,9.000352E-05,NaN,3.523712E-05,-0.007061408,2.284806E-06,-9.00029E-05,NaN,NaN,1.782458E-07,0.007061499,5.38798E-07,-6.961622E-07,9.059906E-08,0.3671734
876.9414,1.356163E-08,-2.061235E-08,NaN,1.683921E-07,-1.734961E-09,NaN,-1.582583E-06,9.000352E-05,NaN,3.523712E-05,-0.007061408,2.284806E-06,-9.00029E-05,NaN,NaN,1.782458E-07,0.007061499,5.38798E-07,-6.961622E-07,9.059906E-08,0.3671734
876.959,1.356163E-08,-2.061235E-08,NaN,1.683921E-07,-1.734961E-09,NaN,-1.582583E-06,9.000352E-05,NaN,3.523712E-05,-0.007061408,2.284806E-06,-9.00029E-05,NaN,NaN,1.782458E-07,0.007061499,5.38798E-07,-6.961622E-07,9.059906E-08,0.3671734
876.9766,1.356163E-08,-2.061235E-08,NaN,1.683921E-07,-1.734961E-09,NaN,-1.582583E-06,9.000352E-05,NaN,3.523712E-05,-0.007061408,2.284806E-06,-9.00029E-05,NaN,NaN,1.782458E-07,0.007061499,5.38798E-07,-6.961622E-07,9.059906E-08,0.3671734
876.9948,1.356163E-08,-2.061235E-08,NaN,1.683921E-07,-1.734961E-09,NaN,-1.582583E-06,9.000352E-05,NaN,3.523712E-05,-0.007061408,2.284806E-06,-9.00029E-05,NaN,NaN,1.782458E-07,0.007061499,5.38798E-07,-6.961622E-07,9.059906E-08,0.3671734
877.0123,1.356163E-08,-2.061235E-08,NaN,1.683921E-07,-1.734961E-09,NaN,-1.582583E-06,9.000352E-05,NaN,3.523712E-05,-0.007061408,2.284806E-06,-9.00029E-05,NaN,NaN,1.782458E-07,0.007061499,5.38798E-07,-6.961622E-07,9.059906E-08,0.3671734
877.0302,1.356163E-08,-2.061235E-08,NaN,1.683921E-07,-1.734961E-09,NaN,-1.582583E-06,9.000352E-05,NaN,3.523712E-05,-0.007061408,2.284806E-06,-9.00029E-05,NaN,NaN,1.782458E-07,0.007061499,5.38798E-07,-6.961622E-07,9.059906E-08,0.3671734
877.0474,1.356163E-08,-2.061235E-08,NaN,1.683921E-07,-1.734961E-09,NaN,-1.582583E-06,9.000352E-05,NaN,3.523712E-05,-0.007061408,2.284806E-06,-9.00029E-05,NaN,NaN,1.782458E-07,0.007061499,5.38798E-07,-6.961622E-07,9.059906E-08,0.3671734
877.0652,1.356163E-08,-2.061235E-08,NaN,1.683921E-07,-1.734961E-09,NaN,-1.582583E-06,9.000352E-05,NaN,3.523712E-05,-0.007061408,2.284806E-06,-9.00029E-05,NaN,NaN,1.782458E-07,0.007061499,5.38798E-07,-6.961622E-07,9.059906E-08,0.3671734
877.0826,1.356163E-08,-2.061235E-08,NaN,1.683921E-07,-1.734961E-09,NaN,-1.582583E-06,9.000352E-05,NaN,3.523712E-05,-0.007061408,2.284806E-06,-9.00029E-05,NaN,NaN,1.782458E-07,0.007061499,5.38798E-07,-6.961622E-07,9.059906E-08,0.3671734
877.1011,1.356163E-08,-2.061235E-08,NaN,1.683921E-07,-1.734961E-09,NaN,-1.582583E-06,9.000352E-05,NaN,3.523712E-05,-0.007061408,2.284806E-06,-9.00029E-05,NaN,NaN,1.782458E-07,0.007061499,5.38798E-07,-6.961622E-07,9.059906E-08,0.3671734
877.1179,1.356163E-08,-2.061235E-08,NaN,1.683921E-07,-1.734961E-09,NaN,-1.582583E-06,9.000352E-05,NaN,3.523712E-05,-0.007061408,2.284806E-06,-9.00029E-05,NaN,NaN,1.782458E-07,0.007061499,5.38798E-07,-6.961622E-07,9.059906E-08,0.3671734
877.1348,1.356163E-08,-2.061235E-08,NaN,1.683921E-07,-1.734961E-09,NaN,-1.582583E-06,9.000352E-05,NaN,3.523712E-05,-0.007061408,2.284806E-06,-9.00029E-05,NaN,NaN,1.782458E-07,0.007061499,5.38798E-07,-6.961622E-07,9.059906E-08,0.3671734
877.1526,1.356163E-08,-2.061235E-08,NaN,1.683921E-07,-1.734961E-09,NaN,-1.582583E-06,9.000352E-05,NaN,3.523712E-05,-0.007061408,2.284806E-06,-9.00029E-05,NaN,NaN,1.782458E-07,0.007061499,5.38798E-07,-6.961622E-07,9.059906E-08,0.3671734
877.17,1.356163E-08,-2.061235E-08,NaN,1.683921E-07,-1.734961E-09,NaN,-1.582583E-06,9.000352E-05,NaN,3.523712E-05,-0.007061408,2.284806E-06,-9.00029E-05,NaN,NaN,1.782458E-07,0.007061499,5.38798E-07,-6.961622E-07,9.059906E-08,0.3671734
877.1881,1.356163E-08,-2.061235E-08,NaN,1.683921E-07,-1.734961E-09,NaN,-1.582583E-06,9.000352E-05,NaN,3.523712E-05,-0.007061408,2.284806E-06,-9.00029E-05,NaN,NaN,1.782458E-07,0.007061499,5.38798E-07,-6.961622E-07,9.059906E-08,0.3671734
877.2053,1.356163E-08,-2.061235E-08,NaN,1.683921E-07,-1.734961E-09,NaN,-1.582583E-06,9.000352E-05,NaN,3.523712E-05,-0.007061408,2.284806E-06,-9.00029E-05,NaN,NaN,1.782458E-07,0.007061499,5.38798E-07,-6.961622E-07,9.059906E-08,0.3671734
877.2227,1.356163E-08,-2.061235E-08,NaN,1.683921E-07,-1.734961E-09,NaN,-1.582583E-06,9.000352E-05,NaN,3.523712E-05,-0.007061408,2.284806E-06,-9.00029E-05,NaN,NaN,1.782458E-07,0.007061499,5.38798E-07,-6.961622E-07,9.059906E-08,0.3671734
877.2404,1.356163E-08,-2.061235E-08,NaN,1.683921E-07,-1.734961E-09,NaN,-1.582583E-06,9.000352E-05,NaN,3.523712E-05,-0.007061408,2.284806E-06,-9.00029E-05,NaN,NaN,1.782458E-07,0.007061499,5.38798E-07,-6.961622E-07,9.059906E-08,0.3671734
877.2581,1.356163E-08,-2.061235E-08,NaN,1.683921E-07,-1.734961E-09,NaN,-1.582583E-06,9.000352E-05,NaN,3.523712E-05,-0.007061408,2.284806E-06,-9.00029E-05,NaN,NaN,1.782458E-07,0.007061499,5.38798E-07,-6.961622E-07,9.059906E-08,0.3671734
877.2751,1.356163E-08,-2.061235E-08,NaN,1.683921E-07,-1.734961E-09,NaN,-1.582583E-06,9.000352E-05,NaN,3.523712E-05,-0.007061408,2.284806E-06,-9.00029E-05,NaN,NaN,1.782458E-07,0.007061499,5.38798E-07,-6.961622E-07,9.059906E-08,0.3671734
877.2931,1.356163E-08,-2.061235E-08,NaN,1.683921E-07,-1.734961E-09,NaN,-1.582583E-06,9.000352E-05,NaN,3.523712E-05,-0.007061408,2.284806E-06,-9.00029E-05,NaN,NaN,1.782458E-07,0.007061499,5.38798E-07,-6.961622E-07,9.059906E-08,0.3671734
877.3109,1.356163E-08,-2.061235E-08,NaN,1.683921E-07,-1.734961E-09,NaN,-1.582583E-06,9.000352E-05,NaN,3.523712E-05,-0.007061408,2.284806E-06,-9.00029E-05,NaN,NaN,1.782458E-07,0.007061499,5.38798E-07,-6.961622E-07,9.059906E-08,0.3671734
877.3294,1.356163E-08,-2.061235E-08,NaN,1.683921E-07,-1.734961E-09,NaN,-1.582583E-06,9.000352E-05,NaN,3.523712E-05,-0.007061408,2.284806E-06,-9.00029E-05,NaN,NaN,1.782458E-07,0.007061499,5.38798E-07,-6.961622E-07,9.059906E-08,0.3671734
877.3474,1.356163E-08,-2.061235E-08,NaN,1.683921E-07,-1.734961E-09,NaN,-1.582583E-06,9.000352E-05,NaN,3.523712E-05,-0.007061408,2.284806E-06,-9.00029E-05,NaN,NaN,1.782458E-07,0.007061499,5.38798E-07,-6.961622E-07,9.059906E-08,0.3671734
877.3653,1.356163E-08,-2.061235E-08,NaN,1.683921E-07,-1.734961E-09,NaN,-1.582583E-06,9.000352E-05,NaN,3.523712E-05,-0.007061408,2.284806E-06,-9.00029E-05,NaN,NaN,1.782458E-07,0.007061499,5.38798E-07,-6.961622E-07,9.059906E-08,0.3671734
877.3839,1.356163E-08,-2.061235E-08,NaN,1.683921E-07,-1.734961E-09,NaN,-1.582583E-06,9.000352E-05,NaN,3.523712E-05,-0.007061408,2.284806E-06,-9.00029E-05,NaN,NaN,1.782458E-07,0.007061499,5.38798E-07,-6.961622E-07,9.059906E-08,0.3671734
877.402,1.356163E-08,-2.061235E-08,NaN,1.683921E-07,-1.734961E-09,NaN,-1.582583E-06,9.000352E-05,NaN,3.523712E-05,-0.007061408,2.284806E-06,-9.00029E-05,NaN,NaN,1.782458E-07,0.007061499,5.38798E-07,-6.961622E-07,9.059906E-08,0.3671734
877.4202,1.356163E-08,-2.061235E-08,NaN,1.683921E-07,-1.734961E-09,NaN,-1.582583E-06,9.000352E-05,NaN,3.523712E-05,-0.007061408,2.284806E-06,-9.00029E-05,NaN,NaN,1.782458E-07,0.007061499,5.38798E-07,-6.961622E-07,9.059906E-08,0.3671734
877.439,1.356163E-08,-2.061235E-08,NaN,1.683921E-07,-1.734961E-09,NaN,-1.582583E-06,9.000352E-05,NaN,3.523712E-05,-0.007061408,2.284806E-06,-9.00029E-05,NaN,NaN,1.782458E-07,0.007061499,5.38798E-07,-6.961622E-07,9.059906E-08,0.3671734
877.457,1.356163E-08,-2.061235E-08,NaN,1.683921E-07,-1.734961E-09,NaN,-1.582583E-06,9.000352E-05,NaN,3.523712E-05,-0.007061408,2.284806E-06,-9.00029E-05,NaN,NaN,1.782458E-07,0.007061499,5.38798E-07,-6.961622E-07,9.059906E-08,0.3671734
877.4758,1.356163E-08,-2.061235E-08,NaN,1.683921E-07,-1.734961E-09,NaN,-1.582583E-06,9.000352E-05,NaN,3.523712E-05,-0.007061408,2.284806E-06,-9.00029E-05,NaN,NaN,1.782458E-07,0.007061499,5.38798E-07,-6.961622E-07,9.059906E-08,0.3671734
877.4945,1.356163E-08,-2.061235E-08,NaN,1.683921E-07,-1.734961E-09,NaN,-1.582583E-06,9.000352E-05,NaN,3.523712E-05,-0.007061408,2.284806E-06,-9.00029E-05,NaN,NaN,1.782458E-07,0.007061499,5.38798E-07,-6.961622E-07,9.059906E-08,0.3671734
877.5131,1.356163E-08,-2.061235E-08,NaN,1.683921E-07,-1.734961E-09,NaN,-1.582583E-06,9.000352E-05,NaN,3.523712E-05,-0.007061408,2.284806E-06,-9.00029E-05,NaN,NaN,1.782458E-07,0.007061499,5.38798E-07,-6.961622E-07,9.059906E-08,0.3671734
877.5359,1.356163E-08,-2.061235E-08,NaN,1.683921E-07,-1.734961E-09,NaN,-1.582583E-06,9.000352E-05,NaN,3.523712E-05,-0.007061408,2.284806E-06,-9.00029E-05,NaN,NaN,1.782458E-07,0.007061499,5.38798E-07,-6.961622E-07,9.059906E-08,0.3671734
877.5547,1.356163E-08,-2.061235E-08,NaN,1.683921E-07,-1.734961E-09,NaN,-1.582583E-06,9.000352E-05,NaN,3.523712E-05,-0.007061408,2.284806E-06,-9.00029E-05,NaN,NaN,1.782458E-07,0.007061499,5.38798E-07,-6.961622E-07,9.059906E-08,0.3671734
877.5773,1.356163E-08,-2.061235E-08,NaN,1.683921E-07,-1.734961E-09,NaN,-1.582583E-06,9.000352E-05,NaN,3.523712E-05,-0.007061408,2.284806E-06,-9.00029E-05,NaN,NaN,1.782458E-07,0.007061499,5.38798E-07,-6.961622E-07,9.059906E-08,0.3671734
877.5969,1.356163E-08,-2.061235E-08,NaN,1.683921E-07,-1.734961E-09,NaN,-1.582583E-06,9.000352E-05,NaN,3.523712E-05,-0.007061408,2.284806E-06,-9.00029E-05,NaN,NaN,1.782458E-07,0.007061499,5.38798E-07,-6.961622E-07,9.059906E-08,0.3671734
877.6194,1.356163E-08,-2.061235E-08,NaN,1.683921E-07,-1.734961E-09,NaN,-1.582583E-06,9.000352E-05,NaN,3.523712E-05,-0.007061408,2.284806E-06,-9.00029E-05,NaN,NaN,1.782458E-07,0.007061499,5.38798E-07,-6.961622E-07,9.059906E-08,0.3671734
877.6403,1.356163E-08,-2.061235E-08,NaN,1.683921E-07,-1.734961E-09,NaN,-1.582583E-06,9.000352E-05,NaN,3.523712E-05,-0.007061408,2.284806E-06,-9.00029E-05,NaN,NaN,1.782458E-07,0.007061499,5.38798E-07,-6.961622E-07,9.059906E-08,0.3671734
877.6615,1.356163E-08,-2.061235E-08,NaN,1.683921E-07,-1.734961E-09,NaN,-1.582583E-06,9.000352E-05,NaN,3.523712E-05,-0.007061408,2.284806E-06,-9.00029E-05,NaN,NaN,1.782458E-07,0.007061499,5.38798E-07,-6.961622E-07,9.059906E-08,0.3671734
877.6808,1.356163E-08,-2.061235E-08,NaN,1.683921E-07,-1.734961E-09,NaN,-1.582583E-06,9.000352E-05,NaN,3.523712E-05,-0.007061408,2.284806E-06,-9.00029E-05,NaN,NaN,1.782458E-07,0.007061499,5.38798E-07,-6.961622E-07,9.059906E-08,0.3671734
877.7026,1.356163E-08,-2.061235E-08,NaN,1.683921E-07,-1.734961E-09,NaN,-1.582583E-06,9.000352E-05,NaN,3.523712E-05,-0.007061408,2.284806E-06,-9.00029E-05,NaN,NaN,1.782458E-07,0.007061499,5.38798E-07,-6.961622E-07,9.059906E-08,0.3671734
877.7225,1.356163E-08,-2.061235E-08,NaN,1.683921E-07,-1.734961E-09,NaN,-1.582583E-06,9.000352E-05,NaN,3.523712E-05,-0.007061408,2.284806E-06,-9.00029E-05,NaN,NaN,1.782458E-07,0.007061499,5.38798E-07,-6.961622E-07,9.059906E-08,0.3671734
877.7445,1.356163E-08,-2.061235E-08,NaN,1.683921E-07,-1.734961E-09,NaN,-1.582583E-06,9.000352E-05,NaN,3.523712E-05,-0.007061408,2.284806E-06,-9.00029E-05,NaN,NaN,1.782458E-07,0.007061499,5.38798E-07,-6.961622E-07,9.059906E-08,0.3671734
877.7643,1.356163E-08,-2.061235E-08,NaN,1.683921E-07,-1.734961E-09,NaN,-1.582583E-06,9.000352E-05,NaN,3.523712E-05,-0.007061408,2.284806E-06,-9.00029E-05,NaN,NaN,1.782458E-07,0.007061499,5.38798E-07,-6.961622E-07,9.059906E-08,0.3671734
877.7863,1.356163E-08,-2.061235E-08,NaN,1.683921E-07,-1.734961E-09,NaN,-1.582583E-06,9.000352E-05,NaN,3.523712E-05,-0.007061408,2.284806E-06,-9.00029E-05,NaN,NaN,1.782458E-07,0.007061499,5.38798E-07,-6.961622E-07,9.059906E-08,0.3671734
877.8061,1.356163E-08,-2.061235E-08,NaN,1.683921E-07,-1.734961E-09,NaN,-1.582583E-06,9.000352E-05,NaN,3.523712E-05,-0.007061408,2.284806E-06,-9.00029E-05,NaN,NaN,1.782458E-07,0.007061499,5.38798E-07,-6.961622E-07,9.059906E-08,0.3671734
877.8281,1.356163E-08,-2.061235E-08,NaN,1.683921E-07,-1.734961E-09,NaN,-1.582583E-06,9.000352E-05,NaN,3.523712E-05,-0.007061408,2.284806E-06,-9.00029E-05,NaN,NaN,1.782458E-07,0.007061499,5.38798E-07,-6.961622E-07,9.059906E-08,0.3671734
877.8481,1.356163E-08,-2.061235E-08,NaN,1.683921E-07,-1.734961E-09,NaN,-1.582583E-06,9.000352E-05,NaN,3.523712E-05,-0.007061408,2.284806E-06,-9.00029E-05,NaN,NaN,1.782458E-07,0.007061499,5.38798E-07,-6.961622E-07,9.059906E-08,0.3671734
877.8702,1.356163E-08,-2.061235E-08,NaN,1.683921E-07,-1.734961E-09,NaN,-1.582583E-06,9.000352E-05,NaN,3.523712E-05,-0.007061408,2.284806E-06,-9.00029E-05,NaN,NaN,1.782458E-07,0.007061499,5.38798E-07,-6.961622E-07,9.059906E-08,0.3671734
877.8899,1.356163E-08,-2.061235E-08,NaN,1.683921E-07,-1.734961E-09,NaN,-1.582583E-06,9.000352E-05,NaN,3.523712E-05,-0.007061408,2.284806E-06,-9.00029E-05,NaN,NaN,1.782458E-07,0.007061499,5.38798E-07,-6.961622E-07,9.059906E-08,0.3671734
877.9104,1.356163E-08,-2.061235E-08,NaN,1.683921E-07,-1.734961E-09,NaN,-1.582583E-06,9.000352E-05,NaN,3.523712E-05,-0.007061408,2.284806E-06,-9.00029E-05,NaN,NaN,1.782458E-07,0.007061499,5.38798E-07,-6.961622E-07,9.059906E-08,0.3671734
877.9307,1.356163E-08,-2.061235E-08,NaN,1.683921E-07,-1.734961E-09,NaN,-1.582583E-06,9.000352E-05,NaN,3.523712E-05,-0.007061408,2.284806E-06,-9.00029E-05,NaN,NaN,1.782458E-07,0.007061499,5.38798E-07,-6.961622E-07,9.059906E-08,0.3671734
877.9514,1.356163E-08,-2.061235E-08,NaN,1.683921E-07,-1.734961E-09,NaN,-1.582583E-06,9.000352E-05,NaN,3.523712E-05,-0.007061408,2.284806E-06,-9.00029E-05,NaN,NaN,1.782458E-07,0.007061499,5.38798E-07,-6.961622E-07,9.059906E-08,0.3671734
877.9716,1.356163E-08,-2.061235E-08,NaN,1.683921E-07,-1.734961E-09,NaN,-1.582583E-06,9.000352E-05,NaN,3.523712E-05,-0.007061408,2.284806E-06,-9.00029E-05,NaN,NaN,1.782458E-07,0.007061499,5.38798E-07,-6.961622E-07,9.059906E-08,0.3671734
877.9916,1.356163E-08,-2.061235E-08,NaN,1.683921E-07,-1.734961E-09,NaN,-1.582583E-06,9.000352E-05,NaN,3.523712E-05,-0.007061408,2.284806E-06,-9.00029E-05,NaN,NaN,1.782458E-07,0.007061499,5.38798E-07,-6.961622E-07,9.059906E-08,0.3671734
878.012,1.356163E-08,-2.061235E-08,NaN,1.683921E-07,-1.734961E-09,NaN,-1.582583E-06,9.000352E-05,NaN,3.523712E-05,-0.007061408,2.284806E-06,-9.00029E-05,NaN,NaN,1.782458E-07,0.007061499,5.38798E-07,-6.961622E-07,9.059906E-08,0.3671734
878.0316,1.356163E-08,-2.061235E-08,NaN,1.683921E-07,-1.734961E-09,NaN,-1.582583E-06,9.000352E-05,NaN,3.523712E-05,-0.007061408,2.284806E-06,-9.00029E-05,NaN,NaN,1.782458E-07,0.007061499,5.38798E-07,-6.961622E-07,9.059906E-08,0.3671734
878.0521,1.356163E-08,-2.061235E-08,NaN,1.683921E-07,-1.734961E-09,NaN,-1.582583E-06,9.000352E-05,NaN,3.523712E-05,-0.007061408,2.284806E-06,-9.00029E-05,NaN,NaN,1.782458E-07,0.007061499,5.38798E-07,-6.961622E-07,9.059906E-08,0.3671734
878.0721,1.356163E-08,-2.061235E-08,NaN,1.683921E-07,-1.734961E-09,NaN,-1.582583E-06,9.000352E-05,NaN,3.523712E-05,-0.007061408,2.284806E-06,-9.00029E-05,NaN,NaN,1.782458E-07,0.007061499,5.38798E-07,-6.961622E-07,9.059906E-08,0.3671734
878.0928,1.356163E-08,-2.061235E-08,NaN,1.683921E-07,-1.734961E-09,NaN,-1.582583E-06,9.000352E-05,NaN,3.523712E-05,-0.007061408,2.284806E-06,-9.00029E-05,NaN,NaN,1.782458E-07,0.007061499,5.38798E-07,-6.961622E-07,9.059906E-08,0.3671734
878.1124,1.356163E-08,-2.061235E-08,NaN,1.683921E-07,-1.734961E-09,NaN,-1.582583E-06,9.000352E-05,NaN,3.523712E-05,-0.007061408,2.284806E-06,-9.00029E-05,NaN,NaN,1.782458E-07,0.007061499,5.38798E-07,-6.961622E-07,9.059906E-08,0.3671734
878.1328,1.356163E-08,-2.061235E-08,NaN,1.683921E-07,-1.734961E-09,NaN,-1.582583E-06,9.000352E-05,NaN,3.523712E-05,-0.007061408,2.284806E-06,-9.00029E-05,NaN,NaN,1.782458E-07,0.007061499,5.38798E-07,-6.961622E-07,9.059906E-08,0.3671734
878.153,1.356163E-08,-2.061235E-08,NaN,1.683921E-07,-1.734961E-09,NaN,-1.582583E-06,9.000352E-05,NaN,3.523712E-05,-0.007061408,2.284806E-06,-9.00029E-05,NaN,NaN,1.782458E-07,0.007061499,5.38798E-07,-6.961622E-07,9.059906E-08,0.3671734
878.1732,1.356163E-08,-2.061235E-08,NaN,1.683921E-07,-1.734961E-09,NaN,-1.582583E-06,9.000352E-05,NaN,3.523712E-05,-0.007061408,2.284806E-06,-9.00029E-05,NaN,NaN,1.782458E-07,0.007061499,5.38798E-07,-6.961622E-07,9.059906E-08,0.3671734
878.1935,1.356163E-08,-2.061235E-08,NaN,1.683921E-07,-1.734961E-09,NaN,-1.582583E-06,9.000352E-05,NaN,3.523712E-05,-0.007061408,2.284806E-06,-9.00029E-05,NaN,NaN,1.782458E-07,0.007061499,5.38798E-07,-6.961622E-07,9.059906E-08,0.3671734
878.2136,1.356163E-08,-2.061235E-08,NaN,1.683921E-07,-1.734961E-09,NaN,-1.582583E-06,9.000352E-05,NaN,3.523712E-05,-0.007061408,2.284806E-06,-9.00029E-05,NaN,NaN,1.782458E-07,0.007061499,5.38798E-07,-6.961622E-07,9.059906E-08,0.3671734
878.235,1.356163E-08,-2.061235E-08,NaN,1.683921E-07,-1.734961E-09,NaN,-1.582583E-06,9.000352E-05,NaN,3.523712E-05,-0.007061408,2.284806E-06,-9.00029E-05,NaN,NaN,1.782458E-07,0.007061499,5.38798E-07,-6.961622E-07,9.059906E-08,0.3671734
878.2545,1.356163E-08,-2.061235E-08,NaN,1.683921E-07,-1.734961E-09,NaN,-1.582583E-06,9.000352E-05,NaN,3.523712E-05,-0.007061408,2.284806E-06,-9.00029E-05,NaN,NaN,1.782458E-07,0.007061499,5.38798E-07,-6.961622E-07,9.059906E-08,0.3671734
878.274,1.356163E-08,-2.061235E-08,NaN,1.683921E-07,-1.734961E-09,NaN,-1.582583E-06,9.000352E-05,NaN,3.523712E-05,-0.007061408,2.284806E-06,-9.00029E-05,NaN,NaN,1.782458E-07,0.007061499,5.38798E-07,-6.961622E-07,9.059906E-08,0.3671734
878.2941,1.356163E-08,-2.061235E-08,NaN,1.683921E-07,-1.734961E-09,NaN,-1.582583E-06,9.000352E-05,NaN,3.523712E-05,-0.007061408,2.284806E-06,-9.00029E-05,NaN,NaN,1.782458E-07,0.007061499,5.38798E-07,-6.961622E-07,9.059906E-08,0.3671734
878.3144,1.356163E-08,-2.061235E-08,NaN,1.683921E-07,-1.734961E-09,NaN,-1.582583E-06,9.000352E-05,NaN,3.523712E-05,-0.007061408,2.284806E-06,-9.00029E-05,NaN,NaN,1.782458E-07,0.007061499,5.38798E-07,-6.961622E-07,9.059906E-08,0.3671734
878.3342,1.356163E-08,-2.061235E-08,NaN,1.683921E-07,-1.734961E-09,NaN,-1.582583E-06,9.000352E-05,NaN,3.523712E-05,-0.007061408,2.284806E-06,-9.00029E-05,NaN,NaN,1.782458E-07,0.007061499,5.38798E-07,-6.961622E-07,9.059906E-08,0.3671734
878.3547,1.356163E-08,-2.061235E-08,NaN,1.683921E-07,-1.734961E-09,NaN,-1.582583E-06,9.000352E-05,NaN,3.523712E-05,-0.007061408,2.284806E-06,-9.00029E-05,NaN,NaN,1.782458E-07,0.007061499,5.38798E-07,-6.961622E-07,9.059906E-08,0.3671734
878.3746,1.356163E-08,-2.061235E-08,NaN,1.683921E-07,-1.734961E-09,NaN,-1.582583E-06,9.000352E-05,NaN,3.523712E-05,-0.007061408,2.284806E-06,-9.00029E-05,NaN,NaN,1.782458E-07,0.007061499,5.38798E-07,-6.961622E-07,9.059906E-08,0.3671734
878.395,1.356163E-08,-2.061235E-08,NaN,1.683921E-07,-1.734961E-09,NaN,-1.582583E-06,9.000352E-05,NaN,3.523712E-05,-0.007061408,2.284806E-06,-9.00029E-05,NaN,NaN,1.782458E-07,0.007061499,5.38798E-07,-6.961622E-07,9.059906E-08,0.3671734
878.4152,1.356163E-08,-2.061235E-08,NaN,1.683921E-07,-1.734961E-09,NaN,-1.582583E-06,9.000352E-05,NaN,3.523712E-05,-0.007061408,2.284806E-06,-9.00029E-05,NaN,NaN,1.782458E-07,0.007061499,5.38798E-07,-6.961622E-07,9.059906E-08,0.3671734
878.435,1.356163E-08,-2.061235E-08,NaN,1.683921E-07,-1.734961E-09,NaN,-1.582583E-06,9.000352E-05,NaN,3.523712E-05,-0.007061408,2.284806E-06,-9.00029E-05,NaN,NaN,1.782458E-07,0.007061499,5.38798E-07,-6.961622E-07,9.059906E-08,0.3671734
878.4558,1.356163E-08,-2.061235E-08,NaN,1.683921E-07,-1.734961E-09,NaN,-1.582583E-06,9.000352E-05,NaN,3.523712E-05,-0.007061408,2.284806E-06,-9.00029E-05,NaN,NaN,1.782458E-07,0.007061499,5.38798E-07,-6.961622E-07,9.059906E-08,0.3671734
878.4756,1.356163E-08,-2.061235E-08,NaN,1.683921E-07,-1.734961E-09,NaN,-1.582583E-06,9.000352E-05,NaN,3.523712E-05,-0.007061408,2.284806E-06,-9.00029E-05,NaN,NaN,1.782458E-07,0.007061499,5.38798E-07,-6.961622E-07,9.059906E-08,0.3671734
878.4963,1.356163E-08,-2.061235E-08,NaN,1.683921E-07,-1.734961E-09,NaN,-1.582583E-06,9.000352E-05,NaN,3.523712E-05,-0.007061408,2.284806E-06,-9.00029E-05,NaN,NaN,1.782458E-07,0.007061499,5.38798E-07,-6.961622E-07,9.059906E-08,0.3671734
878.5164,1.356163E-08,-2.061235E-08,NaN,1.683921E-07,-1.734961E-09,NaN,-1.582583E-06,9.000352E-05,NaN,3.523712E-05,-0.007061408,2.284806E-06,-9.00029E-05,NaN,NaN,1.782458E-07,0.007061499,5.38798E-07,-6.961622E-07,9.059906E-08,0.3671734
878.5363,1.356163E-08,-2.061235E-08,NaN,1.683921E-07,-1.734961E-09,NaN,-1.582583E-06,9.000352E-05,NaN,3.523712E-05,-0.007061408,2.284806E-06,-9.00029E-05,NaN,NaN,1.782458E-07,0.007061499,5.38798E-07,-6.961622E-07,9.059906E-08,0.3671734
878.5565,1.356163E-08,-2.061235E-08,NaN,1.683921E-07,-1.734961E-09,NaN,-1.582583E-06,9.000352E-05,NaN,3.523712E-05,-0.007061408,2.284806E-06,-9.00029E-05,NaN,NaN,1.782458E-07,0.007061499,5.38798E-07,-6.961622E-07,9.059906E-08,0.3671734
878.5772,1.356163E-08,-2.061235E-08,NaN,1.683921E-07,-1.734961E-09,NaN,-1.582583E-06,9.000352E-05,NaN,3.523712E-05,-0.007061408,2.284806E-06,-9.00029E-05,NaN,NaN,1.782458E-07,0.007061499,5.38798E-07,-6.961622E-07,9.059906E-08,0.3671734
878.5974,1.356163E-08,-2.061235E-08,NaN,1.683921E-07,-1.734961E-09,NaN,-1.582583E-06,9.000352E-05,NaN,3.523712E-05,-0.007061408,2.284806E-06,-9.00029E-05,NaN,NaN,1.782458E-07,0.007061499,5.38798E-07,-6.961622E-07,9.059906E-08,0.3671734
878.6178,1.356163E-08,-2.061235E-08,NaN,1.683921E-07,-1.734961E-09,NaN,-1.582583E-06,9.000352E-05,NaN,3.523712E-05,-0.007061408,2.284806E-06,-9.00029E-05,NaN,NaN,1.782458E-07,0.007061499,5.38798E-07,-6.961622E-07,9.059906E-08,0.3671734
878.6382,1.356163E-08,-2.061235E-08,NaN,1.683921E-07,-1.734961E-09,NaN,-1.582583E-06,9.000352E-05,NaN,3.523712E-05,-0.007061408,2.284806E-06,-9.00029E-05,NaN,NaN,1.782458E-07,0.007061499,5.38798E-07,-6.961622E-07,9.059906E-08,0.3671734
878.658,1.356163E-08,-2.061235E-08,NaN,1.683921E-07,-1.734961E-09,NaN,-1.582583E-06,9.000352E-05,NaN,3.523712E-05,-0.007061408,2.284806E-06,-9.00029E-05,NaN,NaN,1.782458E-07,0.007061499,5.38798E-07,-6.961622E-07,9.059906E-08,0.3671734
878.6786,1.356163E-08,-2.061235E-08,NaN,1.683921E-07,-1.734961E-09,NaN,-1.582583E-06,9.000352E-05,NaN,3.523712E-05,-0.007061408,2.284806E-06,-9.00029E-05,NaN,NaN,1.782458E-07,0.007061499,5.38798E-07,-6.961622E-07,9.059906E-08,0.3671734
878.6985,1.356163E-08,-2.061235E-08,NaN,1.683921E-07,-1.734961E-09,NaN,-1.582583E-06,9.000352E-05,NaN,3.523712E-05,-0.007061408,2.284806E-06,-9.00029E-05,NaN,NaN,1.782458E-07,0.007061499,5.38798E-07,-6.961622E-07,9.059906E-08,0.3671734
878.7192,1.356163E-08,-2.061235E-08,NaN,1.683921E-07,-1.734961E-09,NaN,-1.582583E-06,9.000352E-05,NaN,3.523712E-05,-0.007061408,2.284806E-06,-9.00029E-05,NaN,NaN,1.782458E-07,0.007061499,5.38798E-07,-6.961622E-07,9.059906E-08,0.3671734
878.7388,1.356163E-08,-2.061235E-08,NaN,1.683921E-07,-1.734961E-09,NaN,-1.582583E-06,9.000352E-05,NaN,3.523712E-05,-0.007061408,2.284806E-06,-9.00029E-05,NaN,NaN,1.782458E-07,0.007061499,5.38798E-07,-6.961622E-07,9.059906E-08,0.3671734
878.7593,1.356163E-08,-2.061235E-08,NaN,1.683921E-07,-1.734961E-09,NaN,-1.582583E-06,9.000352E-05,NaN,3.523712E-05,-0.007061408,2.284806E-06,-9.00029E-05,NaN,NaN,1.782458E-07,0.007061499,5.38798E-07,-6.961622E-07,9.059906E-08,0.3671734
878.7796,1.356163E-08,-2.061235E-08,NaN,1.683921E-07,-1.734961E-09,NaN,-1.582583E-06,9.000352E-05,NaN,3.523712E-05,-0.007061408,2.284806E-06,-9.00029E-05,NaN,NaN,1.782458E-07,0.007061499,5.38798E-07,-6.961622E-07,9.059906E-08,0.3671734
878.8,1.356163E-08,-2.061235E-08,NaN,1.683921E-07,-1.734961E-09,NaN,-1.582583E-06,9.000352E-05,NaN,3.523712E-05,-0.007061408,2.284806E-06,-9.00029E-05,NaN,NaN,1.782458E-07,0.007061499,5.38798E-07,-6.961622E-07,9.059906E-08,0.3671734
878.8217,1.356163E-08,-2.061235E-08,NaN,1.683921E-07,-1.734961E-09,NaN,-1.582583E-06,9.000352E-05,NaN,3.523712E-05,-0.007061408,2.284806E-06,-9.00029E-05,NaN,NaN,1.782458E-07,0.007061499,5.38798E-07,-6.961622E-07,9.059906E-08,0.3671734
878.8401,1.356163E-08,-2.061235E-08,NaN,1.683921E-07,-1.734961E-09,NaN,-1.582583E-06,9.000352E-05,NaN,3.523712E-05,-0.007061408,2.284806E-06,-9.00029E-05,NaN,NaN,1.782458E-07,0.007061499,5.38798E-07,-6.961622E-07,9.059906E-08,0.3671734
878.8607,1.356163E-08,-2.061235E-08,NaN,1.683921E-07,-1.734961E-09,NaN,-1.582583E-06,9.000352E-05,NaN,3.523712E-05,-0.007061408,2.284806E-06,-9.00029E-05,NaN,NaN,1.782458E-07,0.007061499,5.38798E-07,-6.961622E-07,9.059906E-08,0.3671734
878.8804,1.356163E-08,-2.061235E-08,NaN,1.683921E-07,-1.734961E-09,NaN,-1.582583E-06,9.000352E-05,NaN,3.523712E-05,-0.007061408,2.284806E-06,-9.00029E-05,NaN,NaN,1.782458E-07,0.007061499,5.38798E-07,-6.961622E-07,9.059906E-08,0.3671734
878.9007,1.356163E-08,-2.061235E-08,NaN,1.683921E-07,-1.734961E-09,NaN,-1.582583E-06,9.000352E-05,NaN,3.523712E-05,-0.007061408,2.284806E-06,-9.00029E-05,NaN,NaN,1.782458E-07,0.007061499,5.38798E-07,-6.961622E-07,9.059906E-08,0.3671734
878.9207,1.356163E-08,-2.061235E-08,NaN,1.683921E-07,-1.734961E-09,NaN,-1.582583E-06,9.000352E-05,NaN,3.523712E-05,-0.007061408,2.284806E-06,-9.00029E-05,NaN,NaN,1.782458E-07,0.007061499,5.38798E-07,-6.961622E-07,9.059906E-08,0.3671734
878.9418,1.356163E-08,-2.061235E-08,NaN,1.683921E-07,-1.734961E-09,NaN,-1.582583E-06,9.000352E-05,NaN,3.523712E-05,-0.007061408,2.284806E-06,-9.00029E-05,NaN,NaN,1.782458E-07,0.007061499,5.38798E-07,-6.961622E-07,9.059906E-08,0.3671734
878.9617,1.356163E-08,-2.061235E-08,NaN,1.683921E-07,-1.734961E-09,NaN,-1.582583E-06,9.000352E-05,NaN,3.523712E-05,-0.007061408,2.284806E-06,-9.00029E-05,NaN,NaN,1.782458E-07,0.007061499,5.38798E-07,-6.961622E-07,9.059906E-08,0.3671734
878.9823,1.356163E-08,-2.061235E-08,NaN,1.683921E-07,-1.734961E-09,NaN,-1.582583E-06,9.000352E-05,NaN,3.523712E-05,-0.007061408,2.284806E-06,-9.00029E-05,NaN,NaN,1.782458E-07,0.007061499,5.38798E-07,-6.961622E-07,9.059906E-08,0.3671734
879.0027,1.356163E-08,-2.061235E-08,NaN,1.683921E-07,-1.734961E-09,NaN,-1.582583E-06,9.000352E-05,NaN,3.523712E-05,-0.007061408,2.284806E-06,-9.00029E-05,NaN,NaN,1.782458E-07,0.007061499,5.38798E-07,-6.961622E-07,9.059906E-08,0.3671734
879.0223,1.356163E-08,-2.061235E-08,NaN,1.683921E-07,-1.734961E-09,NaN,-1.582583E-06,9.000352E-05,NaN,3.523712E-05,-0.007061408,2.284806E-06,-9.00029E-05,NaN,NaN,1.782458E-07,0.007061499,5.38798E-07,-6.961622E-07,9.059906E-08,0.3671734
879.0433,1.356163E-08,-2.061235E-08,NaN,1.683921E-07,-1.734961E-09,NaN,-1.582583E-06,9.000352E-05,NaN,3.523712E-05,-0.007061408,2.284806E-06,-9.00029E-05,NaN,NaN,1.782458E-07,0.007061499,5.38798E-07,-6.961622E-07,9.059906E-08,0.3671734
879.0641,1.356163E-08,-2.061235E-08,NaN,1.683921E-07,-1.734961E-09,NaN,-1.582583E-06,9.000352E-05,NaN,3.523712E-05,-0.007061408,2.284806E-06,-9.00029E-05,NaN,NaN,1.782458E-07,0.007061499,5.38798E-07,-6.961622E-07,9.059906E-08,0.3671734
879.0841,1.356163E-08,-2.061235E-08,NaN,1.683921E-07,-1.734961E-09,NaN,-1.582583E-06,9.000352E-05,NaN,3.523712E-05,-0.007061408,2.284806E-06,-9.00029E-05,NaN,NaN,1.782458E-07,0.007061499,5.38798E-07,-6.961622E-07,9.059906E-08,0.3671734
879.1033,1.356163E-08,-2.061235E-08,NaN,1.683921E-07,-1.734961E-09,NaN,-1.582583E-06,9.000352E-05,NaN,3.523712E-05,-0.007061408,2.284806E-06,-9.00029E-05,NaN,NaN,1.782458E-07,0.007061499,5.38798E-07,-6.961622E-07,9.059906E-08,0.3671734
879.1241,1.356163E-08,-2.061235E-08,NaN,1.683921E-07,-1.734961E-09,NaN,-1.582583E-06,9.000352E-05,NaN,3.523712E-05,-0.007061408,2.284806E-06,-9.00029E-05,NaN,NaN,1.782458E-07,0.007061499,5.38798E-07,-6.961622E-07,9.059906E-08,0.3671734
879.1445,1.356163E-08,-2.061235E-08,NaN,1.683921E-07,-1.734961E-09,NaN,-1.582583E-06,9.000352E-05,NaN,3.523712E-05,-0.007061408,2.284806E-06,-9.00029E-05,NaN,NaN,1.782458E-07,0.007061499,5.38798E-07,-6.961622E-07,9.059906E-08,0.3671734
879.1643,1.356163E-08,-2.061235E-08,NaN,1.683921E-07,-1.734961E-09,NaN,-1.582583E-06,9.000352E-05,NaN,3.523712E-05,-0.007061408,2.284806E-06,-9.00029E-05,NaN,NaN,1.782458E-07,0.007061499,5.38798E-07,-6.961622E-07,9.059906E-08,0.3671734
879.1844,1.356163E-08,-2.061235E-08,NaN,1.683921E-07,-1.734961E-09,NaN,-1.582583E-06,9.000352E-05,NaN,3.523712E-05,-0.007061408,2.284806E-06,-9.00029E-05,NaN,NaN,1.782458E-07,0.007061499,5.38798E-07,-6.961622E-07,9.059906E-08,0.3671734
879.2046,1.356163E-08,-2.061235E-08,NaN,1.683921E-07,-1.734961E-09,NaN,-1.582583E-06,9.000352E-05,NaN,3.523712E-05,-0.007061408,2.284806E-06,-9.00029E-05,NaN,NaN,1.782458E-07,0.007061499,5.38798E-07,-6.961622E-07,9.059906E-08,0.3671734
879.2249,1.356163E-08,-2.061235E-08,NaN,1.683921E-07,-1.734961E-09,NaN,-1.582583E-06,9.000352E-05,NaN,3.523712E-05,-0.007061408,2.284806E-06,-9.00029E-05,NaN,NaN,1.782458E-07,0.007061499,5.38798E-07,-6.961622E-07,9.059906E-08,0.3671734
879.2451,1.356163E-08,-2.061235E-08,NaN,1.683921E-07,-1.734961E-09,NaN,-1.582583E-06,9.000352E-05,NaN,3.523712E-05,-0.007061408,2.284806E-06,-9.00029E-05,NaN,NaN,1.782458E-07,0.007061499,5.38798E-07,-6.961622E-07,9.059906E-08,0.3671734
879.2653,1.356163E-08,-2.061235E-08,NaN,1.683921E-07,-1.734961E-09,NaN,-1.582583E-06,9.000352E-05,NaN,3.523712E-05,-0.007061408,2.284806E-06,-9.00029E-05,NaN,NaN,1.782458E-07,0.007061499,5.38798E-07,-6.961622E-07,9.059906E-08,0.3671734
879.2851,1.356163E-08,-2.061235E-08,NaN,1.683921E-07,-1.734961E-09,NaN,-1.582583E-06,9.000352E-05,NaN,3.523712E-05,-0.007061408,2.284806E-06,-9.00029E-05,NaN,NaN,1.782458E-07,0.007061499,5.38798E-07,-6.961622E-07,9.059906E-08,0.3671734
879.3054,1.356163E-08,-2.061235E-08,NaN,1.683921E-07,-1.734961E-09,NaN,-1.582583E-06,9.000352E-05,NaN,3.523712E-05,-0.007061408,2.284806E-06,-9.00029E-05,NaN,NaN,1.782458E-07,0.007061499,5.38798E-07,-6.961622E-07,9.059906E-08,0.3671734
879.3252,1.356163E-08,-2.061235E-08,NaN,1.683921E-07,-1.734961E-09,NaN,-1.582583E-06,9.000352E-05,NaN,3.523712E-05,-0.007061408,2.284806E-06,-9.00029E-05,NaN,NaN,1.782458E-07,0.007061499,5.38798E-07,-6.961622E-07,9.059906E-08,0.3671734
879.3457,1.356163E-08,-2.061235E-08,NaN,1.683921E-07,-1.734961E-09,NaN,-1.582583E-06,9.000352E-05,NaN,3.523712E-05,-0.007061408,2.284806E-06,-9.00029E-05,NaN,NaN,1.782458E-07,0.007061499,5.38798E-07,-6.961622E-07,9.059906E-08,0.3671734
879.3654,1.356163E-08,-2.061235E-08,NaN,1.683921E-07,-1.734961E-09,NaN,-1.582583E-06,9.000352E-05,NaN,3.523712E-05,-0.007061408,2.284806E-06,-9.00029E-05,NaN,NaN,1.782458E-07,0.007061499,5.38798E-07,-6.961622E-07,9.059906E-08,0.3671734
879.3859,1.356163E-08,-2.061235E-08,NaN,1.683921E-07,-1.734961E-09,NaN,-1.582583E-06,9.000352E-05,NaN,3.523712E-05,-0.007061408,2.284806E-06,-9.00029E-05,NaN,NaN,1.782458E-07,0.007061499,5.38798E-07,-6.961622E-07,9.059906E-08,0.3671734
879.4069,1.356163E-08,-2.061235E-08,NaN,1.683921E-07,-1.734961E-09,NaN,-1.582583E-06,9.000352E-05,NaN,3.523712E-05,-0.007061408,2.284806E-06,-9.00029E-05,NaN,NaN,1.782458E-07,0.007061499,5.38798E-07,-6.961622E-07,9.059906E-08,0.3671734
879.4261,1.356163E-08,-2.061235E-08,NaN,1.683921E-07,-1.734961E-09,NaN,-1.582583E-06,9.000352E-05,NaN,3.523712E-05,-0.007061408,2.284806E-06,-9.00029E-05,NaN,NaN,1.782458E-07,0.007061499,5.38798E-07,-6.961622E-07,9.059906E-08,0.3671734
879.4465,1.356163E-08,-2.061235E-08,NaN,1.683921E-07,-1.734961E-09,NaN,-1.582583E-06,9.000352E-05,NaN,3.523712E-05,-0.007061408,2.284806E-06,-9.00029E-05,NaN,NaN,1.782458E-07,0.007061499,5.38798E-07,-6.961622E-07,9.059906E-08,0.3671734
879.4667,1.356163E-08,-2.061235E-08,NaN,1.683921E-07,-1.734961E-09,NaN,-1.582583E-06,9.000352E-05,NaN,3.523712E-05,-0.007061408,2.284806E-06,-9.00029E-05,NaN,NaN,1.782458E-07,0.007061499,5.38798E-07,-6.961622E-07,9.059906E-08,0.3671734
879.4869,1.356163E-08,-2.061235E-08,NaN,1.683921E-07,-1.734961E-09,NaN,-1.582583E-06,9.000352E-05,NaN,3.523712E-05,-0.007061408,2.284806E-06,-9.00029E-05,NaN,NaN,1.782458E-07,0.007061499,5.38798E-07,-6.961622E-07,9.059906E-08,0.3671734
879.5069,1.356163E-08,-2.061235E-08,NaN,1.683921E-07,-1.734961E-09,NaN,-1.582583E-06,9.000352E-05,NaN,3.523712E-05,-0.007061408,2.284806E-06,-9.00029E-05,NaN,NaN,1.782458E-07,0.007061499,5.38798E-07,-6.961622E-07,9.059906E-08,0.3671734
879.5276,1.356163E-08,-2.061235E-08,NaN,1.683921E-07,-1.734961E-09,NaN,-1.582583E-06,9.000352E-05,NaN,3.523712E-05,-0.007061408,2.284806E-06,-9.00029E-05,NaN,NaN,1.782458E-07,0.007061499,5.38798E-07,-6.961622E-07,9.059906E-08,0.3671734
879.5474,1.356163E-08,-2.061235E-08,NaN,1.683921E-07,-1.734961E-09,NaN,-1.582583E-06,9.000352E-05,NaN,3.523712E-05,-0.007061408,2.284806E-06,-9.00029E-05,NaN,NaN,1.782458E-07,0.007061499,5.38798E-07,-6.961622E-07,9.059906E-08,0.3671734
879.5684,1.356163E-08,-2.061235E-08,NaN,1.683921E-07,-1.734961E-09,NaN,-1.582583E-06,9.000352E-05,NaN,3.523712E-05,-0.007061408,2.284806E-06,-9.00029E-05,NaN,NaN,1.782458E-07,0.007061499,5.38798E-07,-6.961622E-07,9.059906E-08,0.3671734
879.5883,1.356163E-08,-2.061235E-08,NaN,1.683921E-07,-1.734961E-09,NaN,-1.582583E-06,9.000352E-05,NaN,3.523712E-05,-0.007061408,2.284806E-06,-9.00029E-05,NaN,NaN,1.782458E-07,0.007061499,5.38798E-07,-6.961622E-07,9.059906E-08,0.3671734
879.6088,1.356163E-08,-2.061235E-08,NaN,1.683921E-07,-1.734961E-09,NaN,-1.582583E-06,9.000352E-05,NaN,3.523712E-05,-0.007061408,2.284806E-06,-9.00029E-05,NaN,NaN,1.782458E-07,0.007061499,5.38798E-07,-6.961622E-07,9.059906E-08,0.3671734
879.6291,1.356163E-08,-2.061235E-08,NaN,1.683921E-07,-1.734961E-09,NaN,-1.582583E-06,9.000352E-05,NaN,3.523712E-05,-0.007061408,2.284806E-06,-9.00029E-05,NaN,NaN,1.782458E-07,0.007061499,5.38798E-07,-6.961622E-07,9.059906E-08,0.3671734
879.6494,1.356163E-08,-2.061235E-08,NaN,1.683921E-07,-1.734961E-09,NaN,-1.582583E-06,9.000352E-05,NaN,3.523712E-05,-0.007061408,2.284806E-06,-9.00029E-05,NaN,NaN,1.782458E-07,0.007061499,5.38798E-07,-6.961622E-07,9.059906E-08,0.3671734
879.6697,1.356163E-08,-2.061235E-08,NaN,1.683921E-07,-1.734961E-09,NaN,-1.582583E-06,9.000352E-05,NaN,3.523712E-05,-0.007061408,2.284806E-06,-9.00029E-05,NaN,NaN,1.782458E-07,0.007061499,5.38798E-07,-6.961622E-07,9.059906E-08,0.3671734
879.6901,1.356163E-08,-2.061235E-08,NaN,1.683921E-07,-1.734961E-09,NaN,-1.582583E-06,9.000352E-05,NaN,3.523712E-05,-0.007061408,2.284806E-06,-9.00029E-05,NaN,NaN,1.782458E-07,0.007061499,5.38798E-07,-6.961622E-07,9.059906E-08,0.3671734
879.7108,1.356163E-08,-2.061235E-08,NaN,1.683921E-07,-1.734961E-09,NaN,-1.582583E-06,9.000352E-05,NaN,3.523712E-05,-0.007061408,2.284806E-06,-9.00029E-05,NaN,NaN,1.782458E-07,0.007061499,5.38798E-07,-6.961622E-07,9.059906E-08,0.3671734
879.7306,1.356163E-08,-2.061235E-08,NaN,1.683921E-07,-1.734961E-09,NaN,-1.582583E-06,9.000352E-05,NaN,3.523712E-05,-0.007061408,2.284806E-06,-9.00029E-05,NaN,NaN,1.782458E-07,0.007061499,5.38798E-07,-6.961622E-07,9.059906E-08,0.3671734
879.7511,1.356163E-08,-2.061235E-08,NaN,1.683921E-07,-1.734961E-09,NaN,-1.582583E-06,9.000352E-05,NaN,3.523712E-05,-0.007061408,2.284806E-06,-9.00029E-05,NaN,NaN,1.782458E-07,0.007061499,5.38798E-07,-6.961622E-07,9.059906E-08,0.3671734
879.7709,1.356163E-08,-2.061235E-08,NaN,1.683921E-07,-1.734961E-09,NaN,-1.582583E-06,9.000352E-05,NaN,3.523712E-05,-0.007061408,2.284806E-06,-9.00029E-05,NaN,NaN,1.782458E-07,0.007061499,5.38798E-07,-6.961622E-07,9.059906E-08,0.3671734
879.7916,1.356163E-08,-2.061235E-08,NaN,1.683921E-07,-1.734961E-09,NaN,-1.582583E-06,9.000352E-05,NaN,3.523712E-05,-0.007061408,2.284806E-06,-9.00029E-05,NaN,NaN,1.782458E-07,0.007061499,5.38798E-07,-6.961622E-07,9.059906E-08,0.3671734
879.8116,1.356163E-08,-2.061235E-08,NaN,1.683921E-07,-1.734961E-09,NaN,-1.582583E-06,9.000352E-05,NaN,3.523712E-05,-0.007061408,2.284806E-06,-9.00029E-05,NaN,NaN,1.782458E-07,0.007061499,5.38798E-07,-6.961622E-07,9.059906E-08,0.3671734
879.832,1.356163E-08,-2.061235E-08,NaN,1.683921E-07,-1.734961E-09,NaN,-1.582583E-06,9.000352E-05,NaN,3.523712E-05,-0.007061408,2.284806E-06,-9.00029E-05,NaN,NaN,1.782458E-07,0.007061499,5.38798E-07,-6.961622E-07,9.059906E-08,0.3671734
879.8521,1.356163E-08,-2.061235E-08,NaN,1.683921E-07,-1.734961E-09,NaN,-1.582583E-06,9.000352E-05,NaN,3.523712E-05,-0.007061408,2.284806E-06,-9.00029E-05,NaN,NaN,1.782458E-07,0.007061499,5.38798E-07,-6.961622E-07,9.059906E-08,0.3671734
879.8723,1.356163E-08,-2.061235E-08,NaN,1.683921E-07,-1.734961E-09,NaN,-1.582583E-06,9.000352E-05,NaN,3.523712E-05,-0.007061408,2.284806E-06,-9.00029E-05,NaN,NaN,1.782458E-07,0.007061499,5.38798E-07,-6.961622E-07,9.059906E-08,0.3671734
879.8927,1.356163E-08,-2.061235E-08,NaN,1.683921E-07,-1.734961E-09,NaN,-1.582583E-06,9.000352E-05,NaN,3.523712E-05,-0.007061408,2.284806E-06,-9.00029E-05,NaN,NaN,1.782458E-07,0.007061499,5.38798E-07,-6.961622E-07,9.059906E-08,0.3671734
879.9128,1.356163E-08,-2.061235E-08,NaN,1.683921E-07,-1.734961E-09,NaN,-1.582583E-06,9.000352E-05,NaN,3.523712E-05,-0.007061408,2.284806E-06,-9.00029E-05,NaN,NaN,1.782458E-07,0.007061499,5.38798E-07,-6.961622E-07,9.059906E-08,0.3671734
879.9328,1.356163E-08,-2.061235E-08,NaN,1.683921E-07,-1.734961E-09,NaN,-1.582583E-06,9.000352E-05,NaN,3.523712E-05,-0.007061408,2.284806E-06,-9.00029E-05,NaN,NaN,1.782458E-07,0.007061499,5.38798E-07,-6.961622E-07,9.059906E-08,0.3671734
879.9525,1.356163E-08,-2.061235E-08,NaN,1.683921E-07,-1.734961E-09,NaN,-1.582583E-06,9.000352E-05,NaN,3.523712E-05,-0.007061408,2.284806E-06,-9.00029E-05,NaN,NaN,1.782458E-07,0.007061499,5.38798E-07,-6.961622E-07,9.059906E-08,0.3671734
879.9721,1.356163E-08,-2.061235E-08,NaN,1.683921E-07,-1.734961E-09,NaN,-1.582583E-06,9.000352E-05,NaN,3.523712E-05,-0.007061408,2.284806E-06,-9.00029E-05,NaN,NaN,1.782458E-07,0.007061499,5.38798E-07,-6.961622E-07,9.059906E-08,0.3671734
879.9927,1.356163E-08,-2.061235E-08,NaN,1.683921E-07,-1.734961E-09,NaN,-1.582583E-06,9.000352E-05,NaN,3.523712E-05,-0.007061408,2.284806E-06,-9.00029E-05,NaN,NaN,1.782458E-07,0.007061499,5.38798E-07,-6.961622E-07,9.059906E-08,0.3671734
880.0109,1.356163E-08,-2.061235E-08,NaN,1.683921E-07,-1.734961E-09,NaN,-1.582583E-06,9.000352E-05,NaN,3.523712E-05,-0.007061408,2.284806E-06,-9.00029E-05,NaN,NaN,1.782458E-07,0.007061499,5.38798E-07,-6.961622E-07,9.059906E-08,0.3671734
880.0301,1.356163E-08,-2.061235E-08,NaN,1.683921E-07,-1.734961E-09,NaN,-1.582583E-06,9.000352E-05,NaN,3.523712E-05,-0.007061408,2.284806E-06,-9.00029E-05,NaN,NaN,1.782458E-07,0.007061499,5.38798E-07,-6.961622E-07,9.059906E-08,0.3671734
880.0494,1.356163E-08,-2.061235E-08,NaN,1.683921E-07,-1.734961E-09,NaN,-1.582583E-06,9.000352E-05,NaN,3.523712E-05,-0.007061408,2.284806E-06,-9.00029E-05,NaN,NaN,1.782458E-07,0.007061499,5.38798E-07,-6.961622E-07,9.059906E-08,0.3671734
880.0687,1.356163E-08,-2.061235E-08,NaN,1.683921E-07,-1.734961E-09,NaN,-1.582583E-06,9.000352E-05,NaN,3.523712E-05,-0.007061408,2.284806E-06,-9.00029E-05,NaN,NaN,1.782458E-07,0.007061499,5.38798E-07,-6.961622E-07,9.059906E-08,0.3671734
880.0878,1.356163E-08,-2.061235E-08,NaN,1.683921E-07,-1.734961E-09,NaN,-1.582583E-06,9.000352E-05,NaN,3.523712E-05,-0.007061408,2.284806E-06,-9.00029E-05,NaN,NaN,1.782458E-07,0.007061499,5.38798E-07,-6.961622E-07,9.059906E-08,0.3671734
880.1075,1.356163E-08,-2.061235E-08,NaN,1.683921E-07,-1.734961E-09,NaN,-1.582583E-06,9.000352E-05,NaN,3.523712E-05,-0.007061408,2.284806E-06,-9.00029E-05,NaN,NaN,1.782458E-07,0.007061499,5.38798E-07,-6.961622E-07,9.059906E-08,0.3671734
