Time,r_shoulder,r_shoulder_x,r_upper_arm,r_forearm,r_wrist,r_wrist2hand,
1099.102,-0.6721094,0.001099701,NaN,-0.6667728,0.002147939,NaN,0.1088463,-14.96593,NaN,-0.6506827,-1.471313,0.08635005,14.13758,NaN,NaN,0.1326589,0.8092895,-2.046682E-06,1.077857,-5.603227E-09,1.338063
1099.118,-0.6721094,0.001099701,NaN,-0.6667728,0.002147939,NaN,0.1088463,-14.96593,NaN,-0.6506827,-1.471313,0.08635005,14.13758,NaN,NaN,0.1326589,0.8092895,-2.046682E-06,1.077857,-5.603227E-09,1.338063
1099.132,-0.6677437,0.00109952,NaN,-0.6629597,0.00214486,NaN,0.1079505,-14.96495,NaN,-0.6491656,-1.479548,0.08808836,14.14612,NaN,NaN,0.1327748,0.810243,-2.037145E-06,1.089791,-5.007181E-09,1.335046
1099.147,-0.6632956,0.001099858,NaN,-0.6590694,0.002144256,NaN,0.1069833,-14.965,NaN,-0.647638,-1.472693,0.09003082,14.13891,NaN,NaN,0.1328886,0.8102232,-2.033569E-06,1.079842,-4.411135E-09,1.331024
1099.162,-0.6588219,0.00109923,NaN,-0.6551511,0.002146153,NaN,0.1060944,-14.96524,NaN,-0.6460999,-1.465989,0.09198517,14.13188,NaN,NaN,0.1330002,0.8099781,-2.034761E-06,1.070111,-1.430903E-09,1.333151
1099.176,-0.6588219,0.00109923,NaN,-0.6551511,0.002146153,NaN,0.1060944,-14.96524,NaN,-0.6460999,-1.465989,0.09198517,14.13188,NaN,NaN,0.1330002,0.8099781,-2.034761E-06,1.070111,-1.430903E-09,1.333151
1099.191,-0.6545853,0.001098389,NaN,-0.6514337,0.002147478,NaN,0.1058621,-14.96671,NaN,-0.6448128,-1.475815,0.09321416,14.14235,NaN,NaN,0.1333912,0.8085563,-2.033569E-06,1.084367,-1.132879E-09,1.34327
1099.207,-0.6505064,0.001098057,NaN,-0.6478505,0.002148146,NaN,0.1058226,-14.96538,NaN,-0.6435518,-1.465971,0.09413972,14.13192,NaN,NaN,0.1337743,0.8099163,-2.021648E-06,1.070119,-2.324972E-09,1.333776
1099.222,-0.646539,0.0010986,NaN,-0.6443621,0.002149903,NaN,0.1058075,-14.96607,NaN,-0.6423219,-1.464674,0.09495538,14.13062,NaN,NaN,0.1341499,0.8092179,-2.013303E-06,1.068238,6.552598E-10,1.337543
1099.237,-0.646539,0.0010986,NaN,-0.6443621,0.002149903,NaN,0.1058075,-14.96607,NaN,-0.6423219,-1.464674,0.09495538,14.13062,NaN,NaN,0.1341499,0.8092179,-2.013303E-06,1.068238,6.552598E-10,1.337543
1099.251,-0.6426558,0.001098802,NaN,-0.640945,0.00214854,NaN,0.1057726,-14.9666,NaN,-0.6411198,-1.478828,0.09573206,14.14552,NaN,NaN,0.1345181,0.8087718,-2.003766E-06,1.088753,6.552598E-10,1.340185
1099.267,-0.6390687,0.001098503,NaN,-0.6377851,0.002147582,NaN,0.1062674,-14.96693,NaN,-0.640195,-1.469662,0.09581937,14.13593,NaN,NaN,0.1351606,0.8085012,-1.993038E-06,1.075468,6.552598E-10,1.340743
1099.282,-0.6356718,0.001097681,NaN,-0.6347914,0.002146445,NaN,0.1068492,-14.96576,NaN,-0.6393119,-1.465286,0.0956578,14.13122,NaN,NaN,0.1357903,0.8096374,-1.976348E-06,1.069123,4.231539E-09,1.334721
1099.297,-0.6356718,0.001097681,NaN,-0.6347914,0.002146445,NaN,0.1068492,-14.96576,NaN,-0.6393119,-1.465286,0.0956578,14.13122,NaN,NaN,0.1357903,0.8096374,-1.976348E-06,1.069123,4.231539E-09,1.334721
1099.311,-0.6324028,0.0010981,NaN,-0.6319095,0.002144638,NaN,0.1073782,-14.96611,NaN,-0.6384674,-1.464227,0.09543668,14.13015,NaN,NaN,0.1364077,0.8092754,-1.958467E-06,1.06759,4.827585E-09,1.335263
1099.328,-0.6292247,0.001099379,NaN,-0.629107,0.002144363,NaN,0.107833,-14.96769,NaN,-0.6376529,-1.471787,0.09521846,14.13825,NaN,NaN,0.1370129,0.8077507,-1.941778E-06,1.07856,4.231539E-09,1.346393
1099.341,-0.6263423,0.001100502,NaN,-0.6265641,0.002142497,NaN,0.1087783,-14.96712,NaN,-0.6371145,-1.479881,0.09434622,14.14666,NaN,NaN,0.1378878,0.8083084,-1.925089E-06,1.090274,6.552601E-10,1.343098
1099.356,-0.6263423,0.001100502,NaN,-0.6265641,0.002142497,NaN,0.1087783,-14.96712,NaN,-0.6371145,-1.479881,0.09434622,14.14666,NaN,NaN,0.1378878,0.8083084,-1.925089E-06,1.090274,6.552601E-10,1.343098
1099.371,-0.6236483,0.001101566,NaN,-0.6241874,0.002144452,NaN,0.1097834,-14.96791,NaN,-0.636614,-1.476097,0.09325319,14.14275,NaN,NaN,0.1387454,0.8075314,-1.903035E-06,1.084781,2.443399E-09,1.346329
1099.386,-0.6210786,0.001100736,NaN,-0.6219208,0.002145656,NaN,0.1107149,-14.96549,NaN,-0.6361472,-1.472079,0.09212422,14.13832,NaN,NaN,0.1395861,0.809957,-1.879193E-06,1.078981,2.443399E-09,1.332542
1099.402,-0.6185949,0.001099529,NaN,-0.6197302,0.002146215,NaN,0.111555,-14.96634,NaN,-0.6357052,-1.465186,0.09101933,14.13116,NaN,NaN,0.1404103,0.8091099,-1.859523E-06,1.068979,6.615724E-09,1.333471
1099.417,-0.6185949,0.001099529,NaN,-0.6197302,0.002146215,NaN,0.111555,-14.96634,NaN,-0.6357052,-1.465186,0.09101933,14.13116,NaN,NaN,0.1404103,0.8091099,-1.859523E-06,1.068979,6.615724E-09,1.333471
1099.431,-0.6164004,0.001099123,NaN,-0.617795,0.002145821,NaN,0.1128679,-14.96597,NaN,-0.6355339,-1.465266,0.0892818,14.1312,NaN,NaN,0.1415,0.8094721,-1.838662E-06,1.06909,4.231539E-09,1.331966
1099.447,-0.6143883,0.001099127,NaN,-0.6160219,0.002144939,NaN,0.1142274,-14.96785,NaN,-0.6353941,-1.474337,0.08734135,14.14093,NaN,NaN,0.1425681,0.8076434,-1.812436E-06,1.082257,-5.368328E-10,1.344631
1099.462,-0.6124949,0.001098973,NaN,-0.6143546,0.002143444,NaN,0.1155008,-14.96653,NaN,-0.635282,-1.480557,0.08538198,14.14731,NaN,NaN,0.1436152,0.8089339,-1.784422E-06,1.091265,5.921363E-11,1.339049
1099.476,-0.6124949,0.001098973,NaN,-0.6143546,0.002143444,NaN,0.1155008,-14.96653,NaN,-0.635282,-1.480557,0.08538198,14.14731,NaN,NaN,0.1436152,0.8089339,-1.784422E-06,1.091265,5.921363E-11,1.339049
1099.493,-0.610907,0.001100115,NaN,-0.6129583,0.002144247,NaN,0.1172155,-14.96776,NaN,-0.6354433,-1.477938,0.08279566,14.14466,NaN,NaN,0.1449233,0.8077075,-1.76058E-06,1.087454,1.847353E-09,1.343298
1099.507,-0.6095099,0.001100178,NaN,-0.6117324,0.002142664,NaN,0.1189437,-14.96662,NaN,-0.6356361,-1.46664,0.08002511,14.13274,NaN,NaN,0.1462056,0.8089131,-1.730777E-06,1.071115,4.827585E-09,1.335839
1099.523,-0.6082342,0.001101005,NaN,-0.6106153,0.002140308,NaN,0.1205567,-14.96648,NaN,-0.6358548,-1.469509,0.07725768,14.13574,NaN,NaN,0.1474627,0.809055,-1.700975E-06,1.075276,7.211771E-09,1.334641
1099.536,-0.6082342,0.001101005,NaN,-0.6106153,0.002140308,NaN,0.1205567,-14.96648,NaN,-0.6358548,-1.469509,0.07725768,14.13574,NaN,NaN,0.1474627,0.809055,-1.700975E-06,1.075276,7.211771E-09,1.334641
1099.551,-0.6070377,0.001100701,NaN,-0.6095693,0.002140072,NaN,0.122042,-14.96618,NaN,-0.6360896,-1.466654,0.07455274,14.13272,NaN,NaN,0.1486952,0.8093291,-1.671173E-06,1.071141,6.615724E-09,1.332283
1099.567,-0.6061198,0.001101726,NaN,-0.6087712,0.002140715,NaN,0.1239608,-14.96659,NaN,-0.6365866,-1.464289,0.07125633,14.13028,NaN,NaN,0.1501851,0.8088987,-1.644351E-06,1.067717,4.827585E-09,1.334239
1099.581,-0.6053748,0.001103542,NaN,-0.6081277,0.002140674,NaN,0.1258991,-14.96722,NaN,-0.6371045,-1.465107,0.06778949,14.1312,NaN,NaN,0.1516456,0.8082738,-1.60978E-06,1.068912,4.827585E-09,1.335885
1099.597,-0.6053748,0.001103542,NaN,-0.6081277,0.002140674,NaN,0.1258991,-14.96722,NaN,-0.6371045,-1.465107,0.06778949,14.1312,NaN,NaN,0.1516456,0.8082738,-1.60978E-06,1.068912,4.827585E-09,1.335885
1099.611,-0.6047381,0.001104703,NaN,-0.6075816,0.002140863,NaN,0.1277262,-14.96716,NaN,-0.6376394,-1.47846,0.06433515,14.14517,NaN,NaN,0.1530775,0.8084049,-1.576997E-06,1.088244,7.211771E-09,1.340634
1099.626,-0.6041703,0.001104273,NaN,-0.6070974,0.002141571,NaN,0.1294256,-14.96628,NaN,-0.638183,-1.465701,0.06095273,14.13174,NaN,NaN,0.1544812,0.8093672,-1.544215E-06,1.06978,6.019678E-09,1.332526
1099.642,-0.6038718,0.001103998,NaN,-0.6068533,0.002142885,NaN,0.1315491,-14.96779,NaN,-0.6389832,-1.473125,0.05699271,14.13969,NaN,NaN,0.156139,0.8078945,-1.511432E-06,1.080549,4.231539E-09,1.342323
1099.656,-0.6038718,0.001103998,NaN,-0.6068533,0.002142885,NaN,0.1315491,-14.96779,NaN,-0.6389832,-1.473125,0.05699271,14.13969,NaN,NaN,0.156139,0.8078945,-1.511432E-06,1.080549,4.231539E-09,1.342323
1099.671,-0.603739,0.001103811,NaN,-0.6067574,0.002146847,NaN,0.1336869,-14.96721,NaN,-0.6397982,-1.467074,0.05287187,14.13329,NaN,NaN,0.1577642,0.8084763,-1.476266E-06,1.07179,6.019678E-09,1.339652
1099.687,-0.603708,0.001104664,NaN,-0.6067531,0.002151114,NaN,0.1357065,-14.96729,NaN,-0.6406246,-1.477976,0.04877448,14.14471,NaN,NaN,0.1593575,0.8084309,-1.442887E-06,1.087574,6.019678E-09,1.340017
1099.701,-0.6037385,0.001105181,NaN,-0.6068044,0.002153241,NaN,0.1375893,-14.96617,NaN,-0.6414551,-1.466614,0.04476195,14.13271,NaN,NaN,0.1609196,0.809615,-1.40772E-06,1.071132,6.019678E-09,1.332203
1099.717,-0.6037385,0.001105181,NaN,-0.6068044,0.002153241,NaN,0.1375893,-14.96617,NaN,-0.6414551,-1.466614,0.04476195,14.13271,NaN,NaN,0.1609196,0.809615,-1.40772E-06,1.071132,6.019678E-09,1.332203
1099.731,-0.6040316,0.001106325,NaN,-0.6070896,0.00215412,NaN,0.1398803,-14.96768,NaN,-0.6425384,-1.476574,0.04018839,14.14332,NaN,NaN,0.1627326,0.8081567,-1.374938E-06,1.085579,6.615724E-09,1.342241
1099.746,-0.6044839,0.001108254,NaN,-0.6075172,0.002154021,NaN,0.1421772,-14.96778,NaN,-0.6436318,-1.479673,0.03546504,14.14657,NaN,NaN,0.1645099,0.8080297,-1.336791E-06,1.090064,6.615724E-09,1.343795
1099.761,-0.6050313,0.001109709,NaN,-0.6080303,0.002155812,NaN,0.1443467,-14.96601,NaN,-0.6447321,-1.468406,0.03077731,14.13463,NaN,NaN,0.1662524,0.8098852,-1.295664E-06,1.07378,7.807818E-09,1.331933
1099.776,-0.6050313,0.001109709,NaN,-0.6080303,0.002155812,NaN,0.1443467,-14.96601,NaN,-0.6447321,-1.468406,0.03077731,14.13463,NaN,NaN,0.1662524,0.8098852,-1.295664E-06,1.07378,7.807818E-09,1.331933
1099.791,-0.6058591,0.00111006,NaN,-0.6087931,0.002155511,NaN,0.1468929,-14.96644,NaN,-0.6460888,-1.479497,0.02553155,14.14632,NaN,NaN,0.1682423,0.8094844,-1.259901E-06,1.089866,1.13841E-08,1.336849
1099.806,-0.6068539,0.001110391,NaN,-0.6097053,0.002155867,NaN,0.1494129,-14.96617,NaN,-0.647457,-1.468043,0.02015176,14.13427,NaN,NaN,0.170193,0.8098428,-1.217582E-06,1.073262,1.13841E-08,1.33279
1099.822,-0.6079456,0.001110377,NaN,-0.6107042,0.002152708,NaN,0.1517775,-14.96649,NaN,-0.6488319,-1.465652,0.01482749,14.13179,NaN,NaN,0.1721056,0.8094999,-1.17109E-06,1.069795,8.99991E-09,1.333609
1099.837,-0.6079456,0.001110377,NaN,-0.6107042,0.002152708,NaN,0.1517775,-14.96649,NaN,-0.6488319,-1.465652,0.01482749,14.13179,NaN,NaN,0.1721056,0.8094999,-1.17109E-06,1.069795,8.99991E-09,1.333609
1099.851,-0.6090912,0.001110596,NaN,-0.6117514,0.002149111,NaN,0.153975,-14.96672,NaN,-0.650205,-1.4665,0.009618955,14.13271,NaN,NaN,0.1739807,0.8092556,-1.128771E-06,1.071027,8.99991E-09,1.333006
1099.867,-0.6104895,0.001111769,NaN,-0.6130232,0.002148175,NaN,0.1565403,-14.9678,NaN,-0.6518263,-1.477495,0.003887419,14.14435,NaN,NaN,0.1761005,0.8082156,-1.089432E-06,1.086966,6.615724E-09,1.341788
1099.882,-0.6120345,0.001113413,NaN,-0.6144255,0.002147667,NaN,0.1590877,-14.96749,NaN,-0.6534508,-1.481428,-0.001967365,14.14844,NaN,NaN,0.1781788,0.808486,-1.044728E-06,1.092663,7.211771E-09,1.341674
1099.897,-0.6120345,0.001113413,NaN,-0.6144255,0.002147667,NaN,0.1590877,-14.96749,NaN,-0.6534508,-1.481428,-0.001967365,14.14844,NaN,NaN,0.1781788,0.808486,-1.044728E-06,1.092663,7.211771E-09,1.341674
1099.912,-0.6136612,0.001114464,NaN,-0.6159005,0.002144592,NaN,0.1614868,-14.96672,NaN,-0.6550753,-1.466786,-0.007760433,14.13304,NaN,NaN,0.1802163,0.8094049,-1.004793E-06,1.071474,8.403863E-09,1.32967
1099.927,-0.6153297,0.001116784,NaN,-0.6174128,0.002141182,NaN,0.1637222,-14.96611,NaN,-0.656692,-1.465589,-0.013432,14.13173,NaN,NaN,0.1822139,0.8099977,-9.642619E-07,1.069745,7.807817E-09,1.328347
1099.942,-0.617242,0.001117945,NaN,-0.6191406,0.002138885,NaN,0.1663166,-14.96632,NaN,-0.6585529,-1.464476,-0.01961465,14.13059,NaN,NaN,0.1844538,0.8097835,-9.27903E-07,1.06814,1.078805E-08,1.328985
1099.957,-0.617242,0.001117945,NaN,-0.6191406,0.002138885,NaN,0.1663166,-14.96632,NaN,-0.6585529,-1.464476,-0.01961465,14.13059,NaN,NaN,0.1844538,0.8097835,-9.27903E-07,1.06814,1.078805E-08,1.328985
1099.973,-0.6192923,0.001117939,NaN,-0.6209906,0.002138812,NaN,0.168891,-14.96657,NaN,-0.6604127,-1.463856,-0.02591454,14.12997,NaN,NaN,0.1866499,0.8095227,-8.861798E-07,1.067246,9.595956E-09,1.331207
1099.987,-0.6214163,0.001118086,NaN,-0.6229058,0.002137889,NaN,0.1713133,-14.96674,NaN,-0.6622682,-1.463337,-0.03214509,14.12944,NaN,NaN,0.1888029,0.8093452,-8.438605E-07,1.066499,9.595956E-09,1.330106
1100.002,-0.623575,0.001117664,NaN,-0.6248515,0.00213589,NaN,0.1735676,-14.96854,NaN,-0.6641123,-1.475006,-0.03824576,14.14189,NaN,NaN,0.1909137,0.807645,-8.045214E-07,1.083433,1.0192E-08,1.34433
1100.017,-0.623575,0.001117664,NaN,-0.6248515,0.00213589,NaN,0.1735676,-14.96854,NaN,-0.6641123,-1.475006,-0.03824576,14.14189,NaN,NaN,0.1909137,0.807645,-8.045214E-07,1.083433,1.0192E-08,1.34433
1100.031,-0.6259713,0.001117311,NaN,-0.6270065,0.002135116,NaN,0.1761665,-14.96718,NaN,-0.6661978,-1.464025,-0.04484297,14.13029,NaN,NaN,0.1932646,0.8090383,-7.651824E-07,1.067558,8.403863E-09,1.332924
1100.047,-0.6284992,0.001117808,NaN,-0.6292772,0.002133826,NaN,0.1787405,-14.96731,NaN,-0.6682789,-1.463367,-0.05155018,14.12962,NaN,NaN,0.1955696,0.8089045,-7.246512E-07,1.066608,1.078805E-08,1.332813
1100.062,-0.6310944,0.00111795,NaN,-0.6316069,0.00213125,NaN,0.1811574,-14.96741,NaN,-0.6703523,-1.463306,-0.05817984,14.12957,NaN,NaN,0.1978293,0.8088058,-6.787557E-07,1.066525,5.423632E-09,1.333388
1100.077,-0.6310944,0.00111795,NaN,-0.6316069,0.00213125,NaN,0.1811574,-14.96741,NaN,-0.6703523,-1.463306,-0.05817984,14.12957,NaN,NaN,0.1978293,0.8088058,-6.787557E-07,1.066525,5.423632E-09,1.333388
1100.093,-0.6339453,0.001118224,NaN,-0.6341612,0.002131517,NaN,0.1838874,-14.96734,NaN,-0.6726711,-1.465805,-0.06530462,14.13218,NaN,NaN,0.2003262,0.8088931,-6.376285E-07,1.070145,1.078805E-08,1.332872
1100.107,-0.6369357,0.001118479,NaN,-0.6368376,0.002128919,NaN,0.186564,-14.96749,NaN,-0.6749873,-1.47827,-0.07252716,14.14526,NaN,NaN,0.2027743,0.8087881,-5.92925E-07,1.088209,1.078805E-08,1.336731
1100.122,-0.6399956,0.001117949,NaN,-0.6395745,0.002125696,NaN,0.1890594,-14.96819,NaN,-0.677296,-1.464381,-0.07965548,14.13077,NaN,NaN,0.2051744,0.8081682,-5.440492E-07,1.068085,1.257619E-08,1.340591
1100.137,-0.6399956,0.001117949,NaN,-0.6395745,0.002125696,NaN,0.1890594,-14.96819,NaN,-0.677296,-1.464381,-0.07965548,14.13077,NaN,NaN,0.2051744,0.8081682,-5.440492E-07,1.068085,1.257619E-08,1.340591
1100.151,-0.6430831,0.001116604,NaN,-0.6423349,0.002121138,NaN,0.1913642,-14.9682,NaN,-0.6795892,-1.466947,-0.08662919,14.13347,NaN,NaN,0.2075275,0.8081524,-4.957694E-07,1.071807,1.436433E-08,1.339052
1100.167,-0.6464013,0.001115839,NaN,-0.6452966,0.002116529,NaN,0.1939767,-14.96855,NaN,-0.6821204,-1.478651,-0.09406498,14.14577,NaN,NaN,0.2101159,0.8078231,-4.546422E-07,1.08876,1.674851E-08,1.341741
1100.182,-0.6498413,0.001115499,NaN,-0.648364,0.002117069,NaN,0.1965495,-14.96804,NaN,-0.684642,-1.473966,-0.1015922,14.14082,NaN,NaN,0.2126537,0.808335,-4.087466E-07,1.081984,1.496037E-08,1.335556
1100.198,-0.6498413,0.001115499,NaN,-0.648364,0.002117069,NaN,0.1965495,-14.96804,NaN,-0.684642,-1.473966,-0.1015922,14.14082,NaN,NaN,0.2126537,0.808335,-4.087466E-07,1.081984,1.496037E-08,1.335556
1100.212,-0.6533378,0.001114991,NaN,-0.6514798,0.002118165,NaN,0.198953,-14.96929,NaN,-0.6871499,-1.478042,-0.1090229,14.1452,NaN,NaN,0.2151418,0.8070453,-3.670234E-07,1.087875,1.853665E-08,1.348368
1100.227,-0.6568519,0.001114822,NaN,-0.65461,0.002122139,NaN,0.2011738,-14.96772,NaN,-0.6896375,-1.470444,-0.1162969,14.13711,NaN,NaN,0.2175811,0.808639,-3.217239E-07,1.076898,1.972875E-08,1.337272
1100.242,-0.6605902,0.001114146,NaN,-0.6579343,0.002125619,NaN,0.203695,-14.96781,NaN,-0.6923596,-1.471417,-0.1240228,14.13813,NaN,NaN,0.220254,0.8085204,-2.835769E-07,1.0783,2.092084E-08,1.338085
1100.257,-0.6605902,0.001114146,NaN,-0.6579343,0.002125619,NaN,0.203695,-14.96781,NaN,-0.6923596,-1.471417,-0.1240228,14.13813,NaN,NaN,0.220254,0.8085204,-2.835769E-07,1.0783,2.092084E-08,1.338085
1100.271,-0.6644434,0.001113938,NaN,-0.6613576,0.002124841,NaN,0.2061786,-14.96859,NaN,-0.6950687,-1.465236,-0.1318375,14.13173,NaN,NaN,0.2228747,0.8077224,-2.370853E-07,1.069346,2.151689E-08,1.34333
1100.288,-0.668347,0.001113938,NaN,-0.6648234,0.002124567,NaN,0.2084932,-14.96863,NaN,-0.6977609,-1.464514,-0.1395516,14.13097,NaN,NaN,0.225444,0.8076664,-1.905937E-07,1.068301,2.330503E-08,1.340894
1100.302,-0.6722625,0.001113952,NaN,-0.6682982,0.002125284,NaN,0.210625,-14.96995,NaN,-0.7004299,-1.471914,-0.1471035,14.13885,NaN,NaN,0.227963,0.8063798,-1.494664E-07,1.079017,2.390107E-08,1.35063
1100.317,-0.6722625,0.001113952,NaN,-0.6682982,0.002125284,NaN,0.210625,-14.96995,NaN,-0.7004299,-1.471914,-0.1471035,14.13885,NaN,NaN,0.227963,0.8063798,-1.494664E-07,1.079017,2.390107E-08,1.35063
1100.331,-0.6763982,0.001112902,NaN,-0.6719624,0.00212309,NaN,0.2130444,-14.96878,NaN,-0.7033314,-1.465095,-0.1550944,14.13163,NaN,NaN,0.230714,0.807539,-1.107234E-07,1.069167,2.539119E-08,1.343084
1100.347,-0.6806439,0.00111197,NaN,-0.6757205,0.002122069,NaN,0.2154255,-14.96875,NaN,-0.7062174,-1.465131,-0.1631699,14.13166,NaN,NaN,0.2334113,0.8075644,-6.601994E-08,1.069221,2.717933E-08,1.341277
1100.362,-0.6849348,0.001112506,NaN,-0.679516,0.002121587,NaN,0.2176367,-14.96999,NaN,-0.7090842,-1.473583,-0.1711396,14.14064,NaN,NaN,0.2360557,0.8063748,-2.250856E-08,1.081462,2.568921E-08,1.350111
1100.377,-0.6849348,0.001112506,NaN,-0.679516,0.002121587,NaN,0.2176367,-14.96999,NaN,-0.7090842,-1.473583,-0.1711396,14.14064,NaN,NaN,0.2360557,0.8063748,-2.250856E-08,1.081462,2.568921E-08,1.350111
1100.391,-0.6894644,0.001112147,NaN,-0.683516,0.002120305,NaN,0.2201051,-14.96808,NaN,-0.7121876,-1.466065,-0.1795484,14.13262,NaN,NaN,0.2389297,0.8082844,2.100283E-08,1.070609,2.539119E-08,1.337115
1100.407,-0.6941124,0.001112263,NaN,-0.6876164,0.002120842,NaN,0.2225096,-14.96893,NaN,-0.7152782,-1.467789,-0.1880318,14.13451,NaN,NaN,0.2417475,0.8074388,6.987864E-08,1.073107,2.3007E-08,1.343981
1100.422,-0.6988079,0.001111518,NaN,-0.6917561,0.002119588,NaN,0.2247236,-14.96818,NaN,-0.7183504,-1.468465,-0.1963948,14.13513,NaN,NaN,0.2445101,0.8081768,1.145821E-07,1.074082,2.002677E-08,1.338511
1100.438,-0.6988079,0.001111518,NaN,-0.6917561,0.002119588,NaN,0.2247236,-14.96818,NaN,-0.7183504,-1.468465,-0.1963948,14.13513,NaN,NaN,0.2445101,0.8081768,1.145821E-07,1.074082,2.002677E-08,1.338511
1100.451,-0.7035098,0.001111843,NaN,-0.6958994,0.002119946,NaN,0.2267399,-14.96888,NaN,-0.7213966,-1.467434,-0.204576,14.13412,NaN,NaN,0.2472186,0.8074732,1.604777E-07,1.072591,1.883468E-08,1.342213
1100.467,-0.7084277,0.001111981,NaN,-0.7002256,0.002119899,NaN,0.2290113,-14.96789,NaN,-0.7246729,-1.478497,-0.2131644,14.14558,NaN,NaN,0.2501553,0.8084819,2.016049E-07,1.088589,1.91327E-08,1.340063
1100.482,-0.7134479,0.001112381,NaN,-0.7046374,0.002116767,NaN,0.2312368,-14.96919,NaN,-0.7279304,-1.474491,-0.2218236,14.14149,NaN,NaN,0.2530346,0.8071999,2.472025E-07,1.082773,2.330503E-08,1.345744
1100.497,-0.7134479,0.001112381,NaN,-0.7046374,0.002116767,NaN,0.2312368,-14.96919,NaN,-0.7279304,-1.474491,-0.2218236,14.14149,NaN,NaN,0.2530346,0.8071999,2.472025E-07,1.082773,2.330503E-08,1.345744
1100.511,-0.7185041,0.001111553,NaN,-0.7090781,0.002112893,NaN,0.2332876,-14.96864,NaN,-0.7311645,-1.47236,-0.2303629,14.13922,NaN,NaN,0.2558576,0.8077422,2.939921E-07,1.079697,2.270898E-08,1.341725
1100.527,-0.7235581,0.001111652,NaN,-0.7135147,0.002111979,NaN,0.235152,-14.96787,NaN,-0.7343686,-1.470713,-0.2387208,14.13742,NaN,NaN,0.2586252,0.8084946,3.416758E-07,1.077318,2.3007E-08,1.33648
1100.542,-0.7288233,0.001111608,NaN,-0.7181284,0.002110222,NaN,0.2372663,-14.9694,NaN,-0.7377997,-1.478485,-0.2474775,14.14571,NaN,NaN,0.2616198,0.8069639,3.82505E-07,1.088573,2.136787E-08,1.347032
1100.557,-0.7288233,0.001111608,NaN,-0.7181284,0.002110222,NaN,0.2372663,-14.9694,NaN,-0.7377997,-1.478485,-0.2474775,14.14571,NaN,NaN,0.2616198,0.8069639,3.82505E-07,1.088573,2.136787E-08,1.347032
1100.572,-0.7341853,0.001112211,NaN,-0.7228223,0.002112662,NaN,0.2393397,-14.96791,NaN,-0.7412099,-1.472572,-0.2563046,14.1394,NaN,NaN,0.264556,0.8084793,4.281025E-07,1.080038,2.151689E-08,1.335176
1100.587,-0.7395781,0.001112255,NaN,-0.7275401,0.002112327,NaN,0.2412421,-14.96776,NaN,-0.7445943,-1.466173,-0.2650098,14.13269,NaN,NaN,0.2674346,0.8086296,4.716139E-07,1.070772,2.151689E-08,1.336119
1100.603,-0.7449638,0.001112411,NaN,-0.7322495,0.002111564,NaN,0.2429611,-14.96863,NaN,-0.7479467,-1.478287,-0.2735305,14.14547,NaN,NaN,0.2702568,0.8078209,5.160194E-07,1.088323,1.898369E-08,1.344739
1100.618,-0.7449638,0.001112411,NaN,-0.7322495,0.002111564,NaN,0.2429611,-14.96863,NaN,-0.7479467,-1.478287,-0.2735305,14.14547,NaN,NaN,0.2702568,0.8078209,5.160194E-07,1.088323,1.898369E-08,1.344739
1100.632,-0.7505583,0.001111736,NaN,-0.7371323,0.002109878,NaN,0.2449195,-14.96941,NaN,-0.7515244,-1.476427,-0.2824388,14.14358,NaN,NaN,0.273305,0.807038,5.553584E-07,1.085619,1.719555E-08,1.347144
1100.648,-0.7562455,0.001112145,NaN,-0.742091,0.002107052,NaN,0.2468392,-14.96849,NaN,-0.7550802,-1.466109,-0.2914149,14.13272,NaN,NaN,0.2762937,0.8080017,5.976777E-07,1.070708,1.838764E-08,1.340503
1100.662,-0.7619591,0.001112781,NaN,-0.7470695,0.002107552,NaN,0.2485901,-14.96827,NaN,-0.7586086,-1.472605,-0.3002662,14.1395,NaN,NaN,0.2792238,0.808235,6.435733E-07,1.080109,1.712104E-08,1.33838
1100.677,-0.7619591,0.001112781,NaN,-0.7470695,0.002107552,NaN,0.2485901,-14.96827,NaN,-0.7586086,-1.472605,-0.3002662,14.1395,NaN,NaN,0.2792238,0.808235,6.435733E-07,1.080109,1.712104E-08,1.33838
1100.692,-0.7679001,0.001113658,NaN,-0.7522361,0.002105616,NaN,0.2505515,-14.96912,NaN,-0.7623667,-1.480561,-0.3095072,14.14791,NaN,NaN,0.2823777,0.807364,6.823163E-07,1.091629,1.764258E-08,1.34234
1100.707,-0.7739418,0.001114385,NaN,-0.7574847,0.00210474,NaN,0.2524509,-14.96807,NaN,-0.7661061,-1.467499,-0.3188074,14.13417,NaN,NaN,0.2854701,0.8085166,7.288079E-07,1.072753,2.11071E-08,1.332855
1100.722,-0.780012,0.001114766,NaN,-0.7627548,0.002103464,NaN,0.254164,-14.96836,NaN,-0.7698198,-1.479752,-0.3279697,14.14703,NaN,NaN,0.2885019,0.8082566,7.752996E-07,1.090494,1.777297E-08,1.338248
1100.737,-0.780012,0.001114766,NaN,-0.7627548,0.002103464,NaN,0.254164,-14.96836,NaN,-0.7698198,-1.479752,-0.3279697,14.14703,NaN,NaN,0.2885019,0.8082566,7.752996E-07,1.090494,1.777297E-08,1.338248
1100.752,-0.7860701,0.001115345,NaN,-0.7680122,0.002102473,NaN,0.2556848,-14.96785,NaN,-0.7735004,-1.467963,-0.3369314,14.13464,NaN,NaN,0.2914743,0.8088576,8.217912E-07,1.07343,1.856459E-08,1.332218
1100.767,-0.7923347,0.001114385,NaN,-0.7734378,0.002103422,NaN,0.2574174,-14.96802,NaN,-0.7774044,-1.466335,-0.3462524,14.13294,NaN,NaN,0.2946695,0.8086709,8.599382E-07,1.071063,1.53981E-08,1.33424
1100.783,-0.7986851,0.001114363,NaN,-0.7789321,0.002106477,NaN,0.2591088,-14.96921,NaN,-0.7812852,-1.472692,-0.35563,14.13971,NaN,NaN,0.2978024,0.8075102,9.055357E-07,1.08027,1.346095E-08,1.34253
1100.797,-0.7986851,0.001114363,NaN,-0.7789321,0.002106477,NaN,0.2591088,-14.96921,NaN,-0.7812852,-1.472692,-0.35563,14.13971,NaN,NaN,0.2978024,0.8075102,9.055357E-07,1.08027,1.346095E-08,1.34253
1100.812,-0.8050536,0.001115114,NaN,-0.7844387,0.00210772,NaN,0.2606319,-14.96805,NaN,-0.7851363,-1.481524,-0.364872,14.14883,NaN,NaN,0.3008738,0.8086336,9.481531E-07,1.093048,1.279039E-08,1.33726
1100.827,-0.8114025,0.001114742,NaN,-0.7899262,0.002109064,NaN,0.2619764,-14.96776,NaN,-0.788951,-1.475881,-0.3739159,14.14289,NaN,NaN,0.3038851,0.8089744,9.895783E-07,1.084876,7.500482E-09,1.336164
1100.842,-0.8179545,0.001114138,NaN,-0.7955772,0.002111578,NaN,0.2635292,-14.96741,NaN,-0.7929863,-1.471364,-0.3833124,14.13811,NaN,NaN,0.3071184,0.8093486,1.025341E-06,1.07833,7.649493E-09,1.332772
1100.857,-0.8179545,0.001114138,NaN,-0.7955772,0.002111578,NaN,0.2635292,-14.96741,NaN,-0.7929863,-1.471364,-0.3833124,14.13811,NaN,NaN,0.3071184,0.8093486,1.025341E-06,1.07833,7.649493E-09,1.332772
1100.872,-0.8245876,0.001114377,NaN,-0.8012922,0.00211277,NaN,0.2650474,-14.9677,NaN,-0.7969974,-1.468886,-0.3927661,14.13554,NaN,NaN,0.3102885,0.8090578,1.066766E-06,1.074737,8.543563E-09,1.333139
1100.887,-0.8312342,0.00111481,NaN,-0.8070156,0.002111382,NaN,0.2664028,-14.96807,NaN,-0.8009774,-1.469944,-0.4020838,14.13668,NaN,NaN,0.3133967,0.8086926,1.112662E-06,1.07627,1.167281E-08,1.33271
1100.902,-0.8378568,0.001115418,NaN,-0.8127162,0.002109619,NaN,0.2675847,-14.9693,NaN,-0.8049197,-1.476966,-0.4112018,14.14416,NaN,NaN,0.3164438,0.8074724,1.157365E-06,1.086442,1.15238E-08,1.340818
1100.918,-0.8378568,0.001115418,NaN,-0.8127162,0.002109619,NaN,0.2675847,-14.9693,NaN,-0.8049197,-1.476966,-0.4112018,14.14416,NaN,NaN,0.3164438,0.8074724,1.157365E-06,1.086442,1.15238E-08,1.340818
1100.931,-0.8446812,0.001115221,NaN,-0.8185775,0.00210848,NaN,0.2689664,-14.96775,NaN,-0.8090811,-1.468273,-0.4206631,14.13494,NaN,NaN,0.3197123,0.8090693,1.192532E-06,1.073885,1.331193E-08,1.330654
1100.947,-0.8515832,0.001115165,NaN,-0.8244993,0.002109138,NaN,0.270317,-14.96856,NaN,-0.8132186,-1.479566,-0.4301799,14.14686,NaN,NaN,0.322917,0.8082894,1.233361E-06,1.090251,1.510007E-08,1.337421
1100.962,-0.8584945,0.001115545,NaN,-0.8304259,0.002110744,NaN,0.2715091,-14.96854,NaN,-0.8173242,-1.482041,-0.4395589,14.14945,NaN,NaN,0.3260589,0.8082882,1.276277E-06,1.093833,1.510007E-08,1.337825
1100.977,-0.8584945,0.001115545,NaN,-0.8304259,0.002110744,NaN,0.2715091,-14.96854,NaN,-0.8173242,-1.482041,-0.4395589,14.14945,NaN,NaN,0.3260589,0.8082882,1.276277E-06,1.093833,1.510007E-08,1.337825
1100.991,-0.865626,0.001114433,NaN,-0.8365272,0.002113464,NaN,0.2728737,-14.96733,NaN,-0.8216535,-1.477169,-0.4492855,14.14425,NaN,NaN,0.3294203,0.8095471,1.310847E-06,1.086793,1.659019E-08,1.329343
1101.007,-0.8728421,0.001113903,NaN,-0.8426946,0.002115061,NaN,0.2741856,-14.96755,NaN,-0.8259631,-1.46914,-0.4590594,14.13583,NaN,NaN,0.3327161,0.8093839,1.355402E-06,1.07515,1.897438E-08,1.329267
1101.022,-0.8800691,0.00111314,NaN,-0.8488683,0.00211465,NaN,0.2753236,-14.96874,NaN,-0.8302432,-1.479203,-0.4686835,14.14651,NaN,NaN,0.3359474,0.8082162,1.397274E-06,1.089735,1.986844E-08,1.336221
1101.037,-0.8800691,0.00111314,NaN,-0.8488683,0.00211465,NaN,0.2753236,-14.96874,NaN,-0.8302432,-1.479203,-0.4686835,14.14651,NaN,NaN,0.3359474,0.8082162,1.397274E-06,1.089735,1.986844E-08,1.336221
1101.051,-0.887267,0.001112239,NaN,-0.8550157,0.002112147,NaN,0.2762832,-14.96851,NaN,-0.8344856,-1.476017,-0.4780946,14.14315,NaN,NaN,0.3391152,0.8084733,1.438848E-06,1.085125,2.374275E-08,1.336613
1101.068,-0.8946657,0.001111536,NaN,-0.8613196,0.002112014,NaN,0.2774195,-14.96756,NaN,-0.8389457,-1.47308,-0.4878247,14.13999,NaN,NaN,0.342502,0.8094336,1.475058E-06,1.08088,2.493484E-08,1.32995
1101.082,-0.9021354,0.001111843,NaN,-0.8676776,0.00211031,NaN,0.2785248,-14.96814,NaN,-0.8433827,-1.472318,-0.4976002,14.13925,NaN,NaN,0.3458226,0.8088602,1.513354E-06,1.079774,2.672298E-08,1.332443
1101.097,-0.9021354,0.001111843,NaN,-0.8676776,0.00211031,NaN,0.2785248,-14.96814,NaN,-0.8433827,-1.472318,-0.4976002,14.13925,NaN,NaN,0.3458226,0.8088602,1.513354E-06,1.079774,2.672298E-08,1.332443
1101.111,-0.9096063,0.001111926,NaN,-0.874034,0.002110716,NaN,0.2794751,-14.968,NaN,-0.8477866,-1.466786,-0.5072293,14.13343,NaN,NaN,0.3490782,0.8090088,1.555822E-06,1.071761,2.672298E-08,1.332183
1101.126,-0.9170415,0.0011127,NaN,-0.8803588,0.00211281,NaN,0.2802614,-14.96809,NaN,-0.85215,-1.465409,-0.5166491,14.13199,NaN,NaN,0.35227,0.8089185,1.595608E-06,1.069766,2.851112E-08,1.332769
1101.141,-0.9246753,0.001112892,NaN,-0.8868363,0.002112098,NaN,0.2812223,-14.96815,NaN,-0.8567286,-1.468916,-0.5263833,14.13568,NaN,NaN,0.3556802,0.8088769,1.628987E-06,1.074848,2.612693E-08,1.330411
1101.156,-0.9246753,0.001112892,NaN,-0.8868363,0.002112098,NaN,0.2812223,-14.96815,NaN,-0.8567286,-1.468916,-0.5263833,14.13568,NaN,NaN,0.3556802,0.8088769,1.628987E-06,1.074848,2.612693E-08,1.330411
1101.171,-0.932376,0.001113358,NaN,-0.8933641,0.002109584,NaN,0.2821587,-14.96821,NaN,-0.861284,-1.465982,-0.5361636,14.13261,NaN,NaN,0.3590238,0.8088034,1.669071E-06,1.070603,2.791507E-08,1.331419
1101.186,-0.9400736,0.001112619,NaN,-0.8998868,0.0021078,NaN,0.2829465,-14.96889,NaN,-0.8658057,-1.467456,-0.5457978,14.13423,NaN,NaN,0.3623019,0.808135,1.710347E-06,1.072744,2.553089E-08,1.33521
1101.201,-0.9477314,0.001112241,NaN,-0.9063752,0.002107639,NaN,0.2835761,-14.96875,NaN,-0.870286,-1.464942,-0.5552223,14.13159,NaN,NaN,0.3655157,0.8082682,1.751922E-06,1.069105,2.493484E-08,1.334323
1101.216,-0.9477314,0.001112241,NaN,-0.9063752,0.002107639,NaN,0.2835761,-14.96875,NaN,-0.870286,-1.464942,-0.5552223,14.13159,NaN,NaN,0.3655157,0.8082682,1.751922E-06,1.069105,2.493484E-08,1.334323
1101.231,-0.9555875,0.00111302,NaN,-0.9130141,0.002107074,NaN,0.2843734,-14.96936,NaN,-0.8749802,-1.466731,-0.564954,14.13353,NaN,NaN,0.3689475,0.8076648,1.781724E-06,1.071702,2.195461E-08,1.336789
1101.246,-0.9635071,0.001114038,NaN,-0.9197003,0.002108194,NaN,0.2851499,-14.96943,NaN,-0.8796524,-1.465207,-0.5747304,14.13194,NaN,NaN,0.3723123,0.8075938,1.820914E-06,1.069499,1.897438E-08,1.338799
1101.261,-0.9714196,0.001114732,NaN,-0.9263787,0.002108866,NaN,0.2857825,-14.96917,NaN,-0.8842907,-1.464652,-0.5843595,14.13133,NaN,NaN,0.3756112,0.8078384,1.86301E-06,1.068696,1.659019E-08,1.335697
1101.277,-0.9714196,0.001114732,NaN,-0.9263787,0.002108866,NaN,0.2857825,-14.96917,NaN,-0.8842907,-1.464652,-0.5843595,14.13133,NaN,NaN,0.3756112,0.8078384,1.86301E-06,1.068696,1.659019E-08,1.335697
1101.29,-0.9795482,0.001115912,NaN,-0.9332209,0.002108027,NaN,0.2865568,-14.97026,NaN,-0.8891479,-1.477178,-0.5943016,14.14455,NaN,NaN,0.3791264,0.8068266,1.895345E-06,1.086833,1.718624E-08,1.345507
1101.306,-0.9877458,0.001116838,NaN,-0.9401153,0.002107536,NaN,0.2872898,-14.96898,NaN,-0.8939883,-1.469902,-0.6042802,14.13684,NaN,NaN,0.382573,0.8081494,1.934088E-06,1.076329,1.718624E-08,1.33698
1101.321,-0.9959369,0.001118156,NaN,-0.9470031,0.002107558,NaN,0.2878652,-14.97023,NaN,-0.8987973,-1.470378,-0.6141003,14.13747,NaN,NaN,0.3859521,0.8069039,1.973502E-06,1.077022,1.837833E-08,1.342965
1101.336,-0.9959369,0.001118156,NaN,-0.9470031,0.002107558,NaN,0.2878652,-14.97023,NaN,-0.8987973,-1.470378,-0.6141003,14.13747,NaN,NaN,0.3859521,0.8069039,1.973502E-06,1.077022,1.837833E-08,1.342965
1101.35,-1.004083,0.001119392,NaN,-0.9538534,0.002109236,NaN,0.2882803,-14.96898,NaN,-0.9035654,-1.470432,-0.6236999,14.1374,NaN,NaN,0.3892649,0.8081474,2.010792E-06,1.077102,1.480205E-08,1.337167
1101.366,-1.012427,0.001120927,NaN,-0.9608512,0.002111759,NaN,0.2888436,-14.96913,NaN,-0.908546,-1.465121,-0.6335865,14.13185,NaN,NaN,0.3927936,0.8079907,2.040073E-06,1.069418,1.122577E-08,1.338009
1101.382,-1.020828,0.001121551,NaN,-0.9678907,0.002112953,NaN,0.2893867,-14.96921,NaN,-0.9135071,-1.478264,-0.643508,14.14561,NaN,NaN,0.3962535,0.8079738,2.077512E-06,1.088444,1.122577E-08,1.341473
1101.396,-1.020828,0.001121551,NaN,-0.9678907,0.002112953,NaN,0.2893867,-14.96921,NaN,-0.9135071,-1.478264,-0.643508,14.14561,NaN,NaN,0.3962535,0.8079738,2.077512E-06,1.088444,1.122577E-08,1.341473
1101.41,-1.029213,0.001121857,NaN,-0.9749168,0.002114873,NaN,0.2897909,-14.96952,NaN,-0.9184337,-1.465732,-0.6532751,14.13253,NaN,NaN,0.3996456,0.807758,2.114206E-06,1.070303,5.861355E-09,1.338537
1101.425,-1.037548,0.001122254,NaN,-0.9819013,0.00211542,NaN,0.2900489,-14.97011,NaN,-0.9233165,-1.477381,-0.6628262,14.14477,NaN,NaN,0.4029711,0.8072159,2.151682E-06,1.087162,5.861355E-09,1.345273
1101.44,-1.04608,0.00112232,NaN,-0.9890305,0.002115155,NaN,0.2904535,-14.96878,NaN,-0.9284095,-1.469105,-0.6726619,14.13601,NaN,NaN,0.4065125,0.8085802,2.180647E-06,1.075207,7.053448E-09,1.33557
1101.455,-1.04608,0.00112232,NaN,-0.9890305,0.002115155,NaN,0.2904535,-14.96878,NaN,-0.9284095,-1.469105,-0.6726619,14.13601,NaN,NaN,0.4065125,0.8085802,2.180647E-06,1.075207,7.053448E-09,1.33557
1101.469,-1.054665,0.001122314,NaN,-0.9961983,0.002114878,NaN,0.2908437,-14.9697,NaN,-0.9334837,-1.479382,-0.6825328,14.14687,NaN,NaN,0.4099846,0.8076652,2.212982E-06,1.090092,9.437633E-09,1.344059
1101.486,-1.06323,0.001121335,NaN,-1.00335,0.002113412,NaN,0.2911011,-14.9697,NaN,-0.9385229,-1.474141,-0.6922501,14.14138,NaN,NaN,0.4133888,0.8077027,2.250402E-06,1.082508,8.24554E-09,1.341921
1101.5,-1.06323,0.001121335,NaN,-1.00335,0.002113412,NaN,0.2911011,-14.9697,NaN,-0.9385229,-1.474141,-0.6922501,14.14138,NaN,NaN,0.4133888,0.8077027,2.250402E-06,1.082508,8.24554E-09,1.341921
1101.514,-1.07201,0.001121034,NaN,-1.010659,0.002115281,NaN,0.29148,-14.96872,NaN,-0.9437776,-1.470709,-0.7022586,14.1377,NaN,NaN,0.4170072,0.8086852,2.276367E-06,1.077545,3.477169E-09,1.334977
1101.53,-1.080847,0.001120864,NaN,-1.01801,0.002119051,NaN,0.2918249,-14.96878,NaN,-0.949019,-1.469292,-0.7122945,14.13621,NaN,NaN,0.420555,0.8086226,2.308684E-06,1.075489,-1.291203E-09,1.335273
1101.545,-1.089664,0.001120006,NaN,-1.025347,0.002122141,NaN,0.2920245,-14.96946,NaN,-0.9542279,-1.465197,-0.7221662,14.13198,NaN,NaN,0.4240332,0.80794,2.342249E-06,1.069556,2.285076E-09,1.339048
1101.559,-1.089664,0.001120006,NaN,-1.025347,0.002122141,NaN,0.2920245,-14.96946,NaN,-0.9542279,-1.465197,-0.7221662,14.13198,NaN,NaN,0.4240332,0.80794,2.342249E-06,1.069556,2.285076E-09,1.339048
1101.574,-1.098424,0.001119891,NaN,-1.032639,0.00212323,NaN,0.292078,-14.97005,NaN,-0.959393,-1.467927,-0.7318137,14.1349,NaN,NaN,0.4274433,0.8073634,2.377565E-06,1.07351,4.669261E-09,1.340095
1101.59,-1.107383,0.001119933,NaN,-1.040074,0.002123858,NaN,0.2922608,-14.97085,NaN,-0.9647667,-1.473274,-0.7417291,14.14057,NaN,NaN,0.4310674,0.8065696,2.401481E-06,1.081245,-9.911005E-11,1.346783
1101.604,-1.116387,0.001120357,NaN,-1.047542,0.002127318,NaN,0.2924298,-14.9709,NaN,-0.9701246,-1.477595,-0.7516704,14.14507,NaN,NaN,0.4346208,0.8065022,2.432922E-06,1.087486,-9.911005E-11,1.350594
1101.619,-1.116387,0.001120357,NaN,-1.047542,0.002127318,NaN,0.2924298,-14.9709,NaN,-0.9701246,-1.477595,-0.7516704,14.14507,NaN,NaN,0.4346208,0.8065022,2.432922E-06,1.087486,-9.911005E-11,1.350594
1101.634,-1.125363,0.001120568,NaN,-1.054989,0.002130262,NaN,0.2924715,-14.96908,NaN,-0.9754468,-1.471353,-0.7614522,14.1384,NaN,NaN,0.4381045,0.8083589,2.467046E-06,1.078482,-1.291203E-09,1.338934
1101.65,-1.134278,0.001120983,NaN,-1.062389,0.002131503,NaN,0.2923809,-14.96943,NaN,-0.9807225,-1.465604,-0.771015,14.13241,NaN,NaN,0.44152,0.8080102,2.501021E-06,1.070157,-1.291203E-09,1.339458
1101.664,-1.14339,0.001121107,NaN,-1.069929,0.002131723,NaN,0.2924179,-14.96939,NaN,-0.9862044,-1.478145,-0.7808446,14.14552,NaN,NaN,0.4451494,0.8081171,2.525607E-06,1.088306,-3.675389E-09,1.343335
1101.68,-1.152545,0.00112214,NaN,-1.0775,0.002133492,NaN,0.2924462,-14.96931,NaN,-0.9916716,-1.471301,-0.7907003,14.13834,NaN,NaN,0.448708,0.8082287,2.553771E-06,1.078397,-4.867482E-09,1.339321
1101.694,-1.152545,0.00112214,NaN,-1.0775,0.002133492,NaN,0.2924462,-14.96931,NaN,-0.9916716,-1.471301,-0.7907003,14.13834,NaN,NaN,0.448708,0.8082287,2.553771E-06,1.078397,-4.867482E-09,1.339321
1101.708,-1.161668,0.001122319,NaN,-1.085048,0.002134082,NaN,0.2923532,-14.96987,NaN,-0.9971026,-1.466798,-0.8003976,14.13368,NaN,NaN,0.4521968,0.8076669,2.585585E-06,1.071875,-3.675389E-09,1.341557
1101.724,-1.170726,0.00112267,NaN,-1.092547,0.002135396,NaN,0.292134,-14.96935,NaN,-1.002486,-1.466787,-0.8098775,14.1336,NaN,NaN,0.4556173,0.8081804,2.616132E-06,1.071854,-6.059574E-09,1.339759
1101.739,-1.170726,0.00112267,NaN,-1.092547,0.002135396,NaN,0.292134,-14.96935,NaN,-1.002486,-1.466787,-0.8098775,14.1336,NaN,NaN,0.4556173,0.8081804,2.616132E-06,1.071854,-6.059574E-09,1.339759
1101.753,-1.179983,0.001122175,NaN,-1.100185,0.002137668,NaN,0.2920368,-14.97082,NaN,-1.008074,-1.476407,-0.8196203,14.14382,NaN,NaN,0.4592517,0.8067443,2.637739E-06,1.085784,-1.291203E-09,1.34975
1101.769,-1.189278,0.001122167,NaN,-1.107852,0.002140236,NaN,0.2919334,-14.96952,NaN,-1.01365,-1.466125,-0.8293876,14.13298,NaN,NaN,0.4628151,0.8080962,2.667839E-06,1.070935,-2.483296E-09,1.340562
1101.784,-1.198539,0.001123693,NaN,-1.115495,0.002142042,NaN,0.2917136,-14.97059,NaN,-1.019189,-1.477501,-0.8389969,14.145,NaN,NaN,0.4663087,0.8070788,2.698833E-06,1.08741,-1.291203E-09,1.348833
1101.799,-1.198539,0.001123693,NaN,-1.115495,0.002142042,NaN,0.2917136,-14.97059,NaN,-1.019189,-1.477501,-0.8389969,14.145,NaN,NaN,0.4663087,0.8070788,2.698833E-06,1.08741,-1.291203E-09,1.348833
1101.813,-1.208013,0.001124621,NaN,-1.123288,0.002144909,NaN,0.2915914,-14.96965,NaN,-1.02494,-1.466447,-0.8488758,14.13336,NaN,NaN,0.4700148,0.8080958,2.718205E-06,1.071435,-9.910983E-11,1.341414
1101.829,-1.217529,0.00112567,NaN,-1.131114,0.002145515,NaN,0.2914443,-14.9699,NaN,-1.030683,-1.465719,-0.8587712,14.13263,NaN,NaN,0.4736485,0.8078328,2.747709E-06,1.070385,-3.675388E-09,1.340516
1101.844,-1.227009,0.001126146,NaN,-1.138916,0.00214745,NaN,0.2911702,-14.97031,NaN,-1.036391,-1.464684,-0.8684993,14.13159,NaN,NaN,0.477211,0.8074168,2.776021E-06,1.068889,-4.867482E-09,1.343148
1101.86,-1.227009,0.001126146,NaN,-1.138916,0.00214745,NaN,0.2911702,-14.97031,NaN,-1.036391,-1.464684,-0.8684993,14.13159,NaN,NaN,0.477211,0.8074168,2.776021E-06,1.068889,-4.867482E-09,1.343148
1101.873,-1.236418,0.001127179,NaN,-1.146667,0.002147831,NaN,0.2907709,-14.97122,NaN,-1.042052,-1.468501,-0.8780042,14.13567,NaN,NaN,0.4807037,0.8065261,2.804483E-06,1.074418,-7.251667E-09,1.347648
1101.889,-1.246027,0.001127728,NaN,-1.154557,0.002145612,NaN,0.2904781,-14.97083,NaN,-1.047916,-1.46955,-0.887759,14.13673,NaN,NaN,0.484409,0.8069144,2.822364E-06,1.075936,-1.082795E-08,1.347637
1101.903,-1.255667,0.001128761,NaN,-1.162471,0.002143343,NaN,0.2901787,-14.97112,NaN,-1.05377,-1.478948,-0.8975292,14.14657,NaN,NaN,0.4880418,0.8066162,2.847845E-06,1.089528,-1.321213E-08,1.351076
1101.918,-1.255667,0.001128761,NaN,-1.162471,0.002143343,NaN,0.2901787,-14.97112,NaN,-1.05377,-1.478948,-0.8975292,14.14657,NaN,NaN,0.4880418,0.8066162,2.847845E-06,1.089528,-1.321213E-08,1.351076
1101.933,-1.265265,0.00112849,NaN,-1.170358,0.002140647,NaN,0.2897691,-14.97204,NaN,-1.059586,-1.47894,-0.9071376,14.14664,NaN,NaN,0.4916036,0.8056903,2.87571E-06,1.089503,-1.202004E-08,1.355223
1101.948,-1.274788,0.001128881,NaN,-1.178191,0.002138208,NaN,0.2892469,-14.97068,NaN,-1.06535,-1.473994,-0.9165289,14.14137,NaN,NaN,0.4950954,0.807062,2.904022E-06,1.082374,-8.44376E-09,1.337586
1101.964,-1.274116,0.001128635,NaN,-1.17852,0.002135454,NaN,0.2819144,-14.97017,NaN,-1.061208,-1.47001,-0.9082432,14.13715,NaN,NaN,0.4881186,0.8075709,3.26165E-06,1.076614,-6.059575E-09,1.334058
1101.978,-1.274116,0.001128635,NaN,-1.17852,0.002135454,NaN,0.2819144,-14.97017,NaN,-1.061208,-1.47001,-0.9082432,14.13715,NaN,NaN,0.4881186,0.8075709,3.26165E-06,1.076614,-6.059575E-09,1.334058
1101.993,-1.267853,0.00112699,NaN,-1.174773,0.002135951,NaN,0.2706206,-14.97081,NaN,-1.055183,-1.466205,-0.8902894,14.13323,NaN,NaN,0.4812703,0.8069322,3.246153E-06,1.071103,-6.059575E-09,1.337424
1102.008,-1.258683,0.001125867,NaN,-1.168699,0.002135912,NaN,0.2599679,-14.97075,NaN,-1.048222,-1.467655,-0.8694846,14.13473,NaN,NaN,0.474553,0.8069819,3.115917E-06,1.073197,-8.44376E-09,1.3346
1102.023,-1.248249,0.001125577,NaN,-1.16144,0.002137306,NaN,0.2510851,-14.97023,NaN,-1.040677,-1.465403,-0.8486156,14.13232,NaN,NaN,0.4679661,0.8074909,2.975101E-06,1.069935,-3.675389E-09,1.333763
1102.038,-1.248249,0.001125577,NaN,-1.16144,0.002137306,NaN,0.2510851,-14.97023,NaN,-1.040677,-1.465403,-0.8486156,14.13232,NaN,NaN,0.4679661,0.8074909,2.975101E-06,1.069935,-3.675389E-09,1.333763
1102.052,-1.237663,0.001125995,NaN,-1.153792,0.002138948,NaN,0.2443321,-14.97176,NaN,-1.032817,-1.474061,-0.8289427,14.14153,NaN,NaN,0.4613281,0.8060062,2.854998E-06,1.082469,-3.675389E-09,1.343662
1102.068,-1.227103,0.00112553,NaN,-1.145972,0.002139494,NaN,0.2387278,-14.97032,NaN,-1.02487,-1.46509,-0.81025,14.13205,NaN,NaN,0.4548205,0.8074702,2.762759E-06,1.06952,-3.675389E-09,1.331561
1102.084,-1.216637,0.001124385,NaN,-1.138088,0.002137859,NaN,0.233734,-14.97065,NaN,-1.01692,-1.47228,-0.7922786,14.1396,NaN,NaN,0.4484405,0.8071766,2.684193E-06,1.079921,1.092983E-09,1.335583
1102.098,-1.216637,0.001124385,NaN,-1.138088,0.002137859,NaN,0.233734,-14.97065,NaN,-1.01692,-1.47228,-0.7922786,14.1396,NaN,NaN,0.4484405,0.8071766,2.684193E-06,1.079921,1.092983E-09,1.335583
1102.112,-1.206583,0.001123221,NaN,-1.130369,0.002138334,NaN,0.2296417,-14.97119,NaN,-1.009061,-1.467332,-0.7752787,14.13448,NaN,NaN,0.4420057,0.806654,2.609133E-06,1.072762,1.092983E-09,1.337772
1102.128,-1.196777,0.001121891,NaN,-1.122749,0.002140505,NaN,0.2258328,-14.97024,NaN,-1.001398,-1.465953,-0.7588422,14.13293,NaN,NaN,0.4356972,0.8075914,2.546865E-06,1.070762,-3.675389E-09,1.332551
1102.143,-1.187143,0.001121369,NaN,-1.115202,0.002140159,NaN,0.2221186,-14.97066,NaN,-0.9939064,-1.466015,-0.7427831,14.13304,NaN,NaN,0.4295125,0.8071759,2.489048E-06,1.070856,-6.059575E-09,1.331419
1102.158,-1.187143,0.001121369,NaN,-1.115202,0.002140159,NaN,0.2221186,-14.97066,NaN,-0.9939064,-1.466015,-0.7427831,14.13304,NaN,NaN,0.4295125,0.8071759,2.489048E-06,1.070856,-6.059575E-09,1.331419
1102.172,-1.177644,0.001121766,NaN,-1.107717,0.002138642,NaN,0.2184409,-14.97194,NaN,-0.9865719,-1.474262,-0.7270173,14.1418,NaN,NaN,0.423449,0.8059316,2.429518E-06,1.082793,-1.559632E-08,1.341148
1102.188,-1.168559,0.001121886,NaN,-1.100463,0.002138095,NaN,0.2153776,-14.97152,NaN,-0.9794014,-1.469371,-0.7119693,14.13666,NaN,NaN,0.4173242,0.8063738,2.365369E-06,1.075734,-1.559632E-08,1.337078
1102.203,-1.159715,0.001120942,NaN,-1.093348,0.002138393,NaN,0.2124671,-14.97024,NaN,-0.972469,-1.467155,-0.6973351,14.13422,NaN,NaN,0.4113197,0.807646,2.306881E-06,1.072531,-2.036469E-08,1.328948
1102.218,-1.159715,0.001120942,NaN,-1.093348,0.002138393,NaN,0.2124671,-14.97024,NaN,-0.972469,-1.467155,-0.6973351,14.13422,NaN,NaN,0.4113197,0.807646,2.306881E-06,1.072531,-2.036469E-08,1.328948
1102.232,-1.151035,0.00111989,NaN,-1.086328,0.002137759,NaN,0.2095916,-14.97139,NaN,-0.9657227,-1.478306,-0.6829904,14.146,NaN,NaN,0.405433,0.8065287,2.251226E-06,1.088671,-2.274887E-08,1.339606
1102.248,-1.142482,0.001117897,NaN,-1.079382,0.002136499,NaN,0.206725,-14.9704,NaN,-0.9591337,-1.46956,-0.6688854,14.1368,NaN,NaN,0.3996616,0.8075829,2.195346E-06,1.076046,-2.274887E-08,1.333082
1102.263,-1.134329,0.001116751,NaN,-1.072675,0.002137991,NaN,0.2044604,-14.97062,NaN,-0.9526892,-1.464838,-0.655471,14.13188,NaN,NaN,0.3938232,0.8073758,2.132165E-06,1.069215,-2.036469E-08,1.330933
1102.278,-1.134329,0.001116751,NaN,-1.072675,0.002137991,NaN,0.2044604,-14.97062,NaN,-0.9526892,-1.464838,-0.655471,14.13188,NaN,NaN,0.3938232,0.8073758,2.132165E-06,1.069215,-2.036469E-08,1.330933
1102.292,-1.126412,0.001116773,NaN,-1.066113,0.002138264,NaN,0.2023456,-14.97148,NaN,-0.9464713,-1.478216,-0.6424463,14.14596,NaN,NaN,0.3880995,0.8065875,2.075094E-06,1.088571,-2.274887E-08,1.340247
1102.307,-1.118652,0.001117597,NaN,-1.059651,0.002137438,NaN,0.2002606,-14.97075,NaN,-0.9404274,-1.465291,-0.6296877,14.13241,NaN,NaN,0.382488,0.8074274,2.01683E-06,1.069902,-2.036469E-08,1.332026
1102.322,-1.111013,0.00111799,NaN,-1.053265,0.002135908,NaN,0.1981779,-14.97065,NaN,-0.9345282,-1.478001,-0.617146,14.14568,NaN,NaN,0.3769865,0.807592,1.962888E-06,1.088286,-2.394097E-08,1.334718
1102.338,-1.111013,0.00111799,NaN,-1.053265,0.002135908,NaN,0.1981779,-14.97065,NaN,-0.9345282,-1.478001,-0.617146,14.14568,NaN,NaN,0.3769865,0.807592,1.962888E-06,1.088286,-2.394097E-08,1.334718
1102.351,-1.103764,0.001118244,NaN,-1.047119,0.002133229,NaN,0.1966905,-14.97104,NaN,-0.928751,-1.468615,-0.605281,14.13589,NaN,NaN,0.3714128,0.8072624,1.90373E-06,1.0747,-2.274887E-08,1.335555
1102.367,-1.096746,0.001117951,NaN,-1.041121,0.002130622,NaN,0.1953502,-14.97072,NaN,-0.9231874,-1.46544,-0.593787,14.13254,NaN,NaN,0.3659485,0.8075715,1.848E-06,1.070106,-2.394097E-08,1.331268
1102.382,-1.089881,0.001118615,NaN,-1.035224,0.002130403,NaN,0.1940333,-14.97186,NaN,-0.9177862,-1.469708,-0.582538,14.13712,NaN,NaN,0.3605914,0.80645,1.79525E-06,1.076285,-2.632515E-08,1.339303
1102.397,-1.089881,0.001118615,NaN,-1.035224,0.002130403,NaN,0.1940333,-14.97186,NaN,-0.9177862,-1.469708,-0.582538,14.13712,NaN,NaN,0.3605914,0.80645,1.79525E-06,1.076285,-2.632515E-08,1.339303
1102.411,-1.083416,0.001118647,NaN,-1.029578,0.002127926,NaN,0.1933011,-14.9713,NaN,-0.9125068,-1.47943,-0.5719658,14.1472,NaN,NaN,0.3551592,0.8070058,1.739222E-06,1.090332,-2.513306E-08,1.335879
1102.427,-1.077187,0.001118379,NaN,-1.024087,0.002128648,NaN,0.1927015,-14.9711,NaN,-0.9074408,-1.465614,-0.5617485,14.13275,NaN,NaN,0.3498337,0.8073308,1.687664E-06,1.070357,-2.632515E-08,1.334015
1102.442,-1.071111,0.001118199,NaN,-1.018702,0.00213093,NaN,0.1921088,-14.9714,NaN,-0.902534,-1.464982,-0.5517546,14.13212,NaN,NaN,0.3446127,0.8070171,1.639384E-06,1.069443,-2.513306E-08,1.335735
1102.457,-1.071111,0.001118199,NaN,-1.018702,0.00213093,NaN,0.1921088,-14.9714,NaN,-0.902534,-1.464982,-0.5517546,14.13212,NaN,NaN,0.3446127,0.8070171,1.639384E-06,1.069443,-2.513306E-08,1.335735
1102.471,-1.065146,0.001118104,NaN,-1.013396,0.002131868,NaN,0.1914951,-14.97254,NaN,-0.8977553,-1.472918,-0.5419332,14.14053,NaN,NaN,0.3394941,0.8059138,1.59021E-06,1.080923,-2.155678E-08,1.343286
1102.487,-1.059555,0.001117277,NaN,-1.008329,0.002132305,NaN,0.1914563,-14.97089,NaN,-0.8930677,-1.469001,-0.5327579,14.13629,NaN,NaN,0.3342957,0.8075611,1.536864E-06,1.075273,-2.036469E-08,1.33316
1102.502,-1.054185,0.001117139,NaN,-1.003411,0.002133034,NaN,0.1915522,-14.9712,NaN,-0.8885751,-1.465075,-0.5239167,14.13222,NaN,NaN,0.3291995,0.8072429,1.48769E-06,1.069596,-2.036469E-08,1.333925
1102.516,-1.054185,0.001117139,NaN,-1.003411,0.002133034,NaN,0.1915522,-14.9712,NaN,-0.8885751,-1.465075,-0.5239167,14.13222,NaN,NaN,0.3291995,0.8072429,1.48769E-06,1.069596,-2.036469E-08,1.333925
1102.53,-1.048958,0.001117218,NaN,-0.9985965,0.00213339,NaN,0.1916542,-14.9716,NaN,-0.8842274,-1.478284,-0.5152798,14.14606,NaN,NaN,0.3242033,0.8069064,1.444179E-06,1.088704,-1.79805E-08,1.340693
1102.546,-1.043836,0.001116018,NaN,-0.9938586,0.00213206,NaN,0.1917311,-14.97136,NaN,-0.8799957,-1.465862,-0.5067965,14.13307,NaN,NaN,0.319305,0.8072383,1.396495E-06,1.070749,-1.202004E-08,1.336953
1102.561,-1.039075,0.001116602,NaN,-0.9893566,0.002132474,NaN,0.1923777,-14.97117,NaN,-0.8758394,-1.469714,-0.4989468,14.13708,NaN,NaN,0.3143227,0.8074339,1.345533E-06,1.076325,-1.202004E-08,1.334619
1102.576,-1.039075,0.001116602,NaN,-0.9893566,0.002132474,NaN,0.1923777,-14.97117,NaN,-0.8758394,-1.469714,-0.4989468,14.13708,NaN,NaN,0.3143227,0.8074339,1.345533E-06,1.076325,-1.202004E-08,1.334619
1102.59,-1.034531,0.001117793,NaN,-0.9850037,0.002132595,NaN,0.1931547,-14.97216,NaN,-0.8718681,-1.479036,-0.4914139,14.14693,NaN,NaN,0.3094383,0.8064457,1.301426E-06,1.089814,-8.443758E-09,1.343699
1102.606,-1.030124,0.001118072,NaN,-0.9807523,0.002133648,NaN,0.1939305,-14.97115,NaN,-0.8680328,-1.466966,-0.4840654,14.13425,NaN,NaN,0.3046498,0.8075523,1.257914E-06,1.072389,-7.251665E-09,1.33422
1102.621,-1.025815,0.00111717,NaN,-0.9765764,0.002135466,NaN,0.1946721,-14.97182,NaN,-0.8643053,-1.468513,-0.47685,14.13594,NaN,NaN,0.2999551,0.806877,1.215595E-06,1.074628,-7.251665E-09,1.338586
1102.636,-1.025815,0.00111717,NaN,-0.9765764,0.002135466,NaN,0.1946721,-14.97182,NaN,-0.8643053,-1.468513,-0.47685,14.13594,NaN,NaN,0.2999551,0.806877,1.215595E-06,1.074628,-7.251665E-09,1.338586
1102.65,-1.021859,0.001115578,NaN,-0.9726341,0.002135169,NaN,0.1959752,-14.97256,NaN,-0.8606411,-1.475411,-0.4702541,14.14321,NaN,NaN,0.2951725,0.8061424,1.170593E-06,1.0846,-1.082794E-08,1.343687
1102.666,-1.018113,0.001115252,NaN,-0.9688398,0.002136525,NaN,0.1974023,-14.97111,NaN,-0.8571541,-1.470909,-0.4639568,14.13839,NaN,NaN,0.2904838,0.8075986,1.129466E-06,1.078108,-9.635851E-09,1.333508
1102.681,-1.014499,0.001114191,NaN,-0.9651458,0.002137011,NaN,0.1988195,-14.97124,NaN,-0.8537956,-1.466287,-0.4578238,14.13357,NaN,NaN,0.2858872,0.8074712,1.091915E-06,1.071424,-1.082794E-08,1.334074
1102.697,-1.014499,0.001114191,NaN,-0.9651458,0.002137011,NaN,0.1988195,-14.97124,NaN,-0.8537956,-1.466287,-0.4578238,14.13357,NaN,NaN,0.2858872,0.8074712,1.091915E-06,1.071424,-1.082794E-08,1.334074
1102.711,-1.011253,0.001113656,NaN,-0.9616981,0.002136231,NaN,0.2007887,-14.97117,NaN,-0.8505084,-1.465188,-0.4523101,14.13242,NaN,NaN,0.2812007,0.8075351,1.051086E-06,1.069838,-8.443758E-09,1.332875
1102.725,-1.008224,0.001113701,NaN,-0.9584055,0.002136072,NaN,0.2028649,-14.97192,NaN,-0.8474022,-1.47868,-0.4470789,14.14661,NaN,NaN,0.2766064,0.80685,1.0189E-06,1.089365,-8.443758E-09,1.341506
1102.74,-1.005328,0.001114025,NaN,-0.9552165,0.002134589,NaN,0.2049128,-14.97221,NaN,-0.844425,-1.471196,-0.4419905,14.13882,NaN,NaN,0.2721022,0.8066175,9.861171E-07,1.078546,-7.251665E-09,1.340817
1102.755,-1.005328,0.001114025,NaN,-0.9552165,0.002134589,NaN,0.2049128,-14.97221,NaN,-0.844425,-1.471196,-0.4419905,14.13882,NaN,NaN,0.2721022,0.8066175,9.861171E-07,1.078546,-7.251665E-09,1.340817
1102.769,-1.002521,0.001114321,NaN,-0.9521015,0.002134039,NaN,0.2069005,-14.97267,NaN,-0.8415467,-1.475993,-0.4369934,14.14387,NaN,NaN,0.2676864,0.8061495,9.527385E-07,1.085482,-6.059572E-09,1.34472
1102.785,-1.000053,0.001114445,NaN,-0.9492162,0.002134517,NaN,0.209429,-14.97109,NaN,-0.8387175,-1.472401,-0.4325862,14.13999,NaN,NaN,0.2631771,0.8077317,9.133994E-07,1.080307,-6.059572E-09,1.333892
1102.8,-0.9977842,0.001114454,NaN,-0.9464763,0.002134201,NaN,0.212064,-14.97133,NaN,-0.8360545,-1.479451,-0.4284419,14.14738,NaN,NaN,0.2587565,0.807459,8.82107E-07,1.090509,-3.675387E-09,1.338802
1102.816,-0.9977842,0.001114454,NaN,-0.9464763,0.002134201,NaN,0.212064,-14.97133,NaN,-0.8360545,-1.479451,-0.4284419,14.14738,NaN,NaN,0.2587565,0.807459,8.82107E-07,1.090509,-3.675387E-09,1.338802
1102.83,-0.9956377,0.001114298,NaN,-0.9438334,0.002134189,NaN,0.2146694,-14.97133,NaN,-0.8335093,-1.466617,-0.4244239,14.13397,NaN,NaN,0.2544228,0.8075678,8.514106E-07,1.071943,-3.675387E-09,1.335541
1102.845,-0.9935706,0.001112851,NaN,-0.9412591,0.00213393,NaN,0.2172105,-14.97149,NaN,-0.8310538,-1.478848,-0.4204814,14.14676,NaN,NaN,0.250174,0.8074337,8.228004E-07,1.089632,-3.675387E-09,1.338413
1102.86,-0.9918321,0.001110676,NaN,-0.9389095,0.002133029,NaN,0.2202889,-14.97105,NaN,-0.8286388,-1.480839,-0.4171187,14.1488,NaN,NaN,0.2458284,0.8078384,7.92104E-07,1.092512,-4.86748E-09,1.337455
1102.875,-0.9918321,0.001110676,NaN,-0.9389095,0.002133029,NaN,0.2202889,-14.97105,NaN,-0.8286388,-1.480839,-0.4171187,14.1488,NaN,NaN,0.2458284,0.8078384,7.92104E-07,1.092512,-4.86748E-09,1.337455
1102.889,-0.9902862,0.00110938,NaN,-0.9367021,0.002132928,NaN,0.2234684,-14.97063,NaN,-0.8263834,-1.476515,-0.4140038,14.14423,NaN,NaN,0.2415684,0.8082908,7.65878E-07,1.086255,-4.86748E-09,1.336972
1102.906,-0.9888564,0.001107296,NaN,-0.9345886,0.002135433,NaN,0.2266103,-14.9703,NaN,-0.8242395,-1.474137,-0.4109979,14.1417,NaN,NaN,0.237392,0.8086196,7.39652E-07,1.082805,-3.675387E-09,1.332558
1102.92,-0.9888564,0.001107296,NaN,-0.9345886,0.002135433,NaN,0.2266103,-14.9703,NaN,-0.8242395,-1.474137,-0.4109979,14.1417,NaN,NaN,0.237392,0.8086196,7.39652E-07,1.082805,-3.675387E-09,1.332558
1102.934,-0.9877721,0.001105297,NaN,-0.932713,0.002137269,NaN,0.2302818,-14.97237,NaN,-0.8221473,-1.477015,-0.4085735,14.14489,NaN,NaN,0.2331175,0.8065375,7.098496E-07,1.086952,-3.675387E-09,1.342223
1102.95,-0.9868885,0.001104819,NaN,-0.930987,0.00213865,NaN,0.2340369,-14.9714,NaN,-0.82022,-1.466995,-0.4063814,14.13434,NaN,NaN,0.2289272,0.8075705,6.854117E-07,1.072473,-4.86748E-09,1.333621
1102.965,-0.9861233,0.001104008,NaN,-0.9293581,0.002140314,NaN,0.2377356,-14.97174,NaN,-0.818406,-1.469218,-0.404278,14.13669,NaN,NaN,0.2248191,0.8072266,6.639541E-07,1.075681,-6.059572E-09,1.338646
1102.98,-0.9861233,0.001104008,NaN,-0.9293581,0.002140314,NaN,0.2377356,-14.97174,NaN,-0.818406,-1.469218,-0.404278,14.13669,NaN,NaN,0.2248191,0.8072266,6.639541E-07,1.075681,-6.059572E-09,1.338646
1102.994,-0.9854296,0.001103556,NaN,-0.9277947,0.002140968,NaN,0.2413446,-14.97151,NaN,-0.8166755,-1.479596,-0.4022119,14.1475,NaN,NaN,0.2207916,0.8074478,6.454766E-07,1.090683,-2.483294E-09,1.338768
1103.01,-0.9850519,0.001103058,NaN,-0.9264506,0.002141136,NaN,0.245473,-14.97201,NaN,-0.8149788,-1.480921,-0.4007007,14.14891,NaN,NaN,0.216663,0.8069218,6.180585E-07,1.092585,-1.291201E-09,1.340634
1103.025,-0.9848568,0.001101873,NaN,-0.9252443,0.002137782,NaN,0.2496835,-14.97181,NaN,-0.8134342,-1.479283,-0.3994041,14.14717,NaN,NaN,0.2126158,0.8071176,5.99581E-07,1.090214,-2.483294E-09,1.339044
1103.04,-0.9848568,0.001101873,NaN,-0.9252443,0.002137782,NaN,0.2496835,-14.97181,NaN,-0.8134342,-1.479283,-0.3994041,14.14717,NaN,NaN,0.2126158,0.8071176,5.99581E-07,1.090214,-2.483294E-09,1.339044
1103.054,-0.9847677,0.001102028,NaN,-0.9241267,0.00213662,NaN,0.2538362,-14.97091,NaN,-0.8119929,-1.471289,-0.3981819,14.13874,NaN,NaN,0.208648,0.8080785,5.799115E-07,1.078659,-1.887247E-09,1.332614
1103.07,-0.9847401,0.001102517,NaN,-0.923068,0.002134822,NaN,0.2578958,-14.97114,NaN,-0.8106273,-1.466172,-0.3969836,14.1334,NaN,NaN,0.204758,0.8078383,5.626262E-07,1.07125,-3.675387E-09,1.329444
1103.085,-0.9850177,0.001103288,NaN,-0.9222226,0.002132275,NaN,0.2624721,-14.97237,NaN,-0.8092909,-1.4778,-0.3963325,14.14569,NaN,NaN,0.2007642,0.806644,5.387843E-07,1.08808,-5.463526E-09,1.339628
1103.101,-0.9854707,0.001103678,NaN,-0.921513,0.002133638,NaN,0.2671257,-14.97093,NaN,-0.8081017,-1.470779,-0.3958842,14.13823,NaN,NaN,0.1968492,0.8081285,5.197109E-07,1.077942,-7.847712E-09,1.327036
1103.115,-0.9854707,0.001103678,NaN,-0.921513,0.002133638,NaN,0.2671257,-14.97093,NaN,-0.8081017,-1.470779,-0.3958842,14.13823,NaN,NaN,0.1968492,0.8081285,5.197109E-07,1.077942,-7.847712E-09,1.327036
1103.129,-0.9860234,0.00110367,NaN,-0.9208906,0.002134591,NaN,0.2717141,-14.9712,NaN,-0.8070109,-1.466023,-0.395496,14.13327,NaN,NaN,0.193011,0.8078488,5.065978E-07,1.071054,-7.251665E-09,1.329783
1103.144,-0.986631,0.001103166,NaN,-0.9203247,0.002135498,NaN,0.2762008,-14.97262,NaN,-0.8059911,-1.472588,-0.3951161,14.14028,NaN,NaN,0.189248,0.8064579,4.934848E-07,1.080558,-8.443759E-09,1.339636
1103.159,-0.986631,0.001103166,NaN,-0.9203247,0.002135498,NaN,0.2762008,-14.97262,NaN,-0.8059911,-1.472588,-0.3951161,14.14028,NaN,NaN,0.189248,0.8064579,4.934848E-07,1.080558,-8.443759E-09,1.339636
1103.174,-0.9875383,0.001103002,NaN,-0.9199688,0.002133237,NaN,0.2812007,-14.97085,NaN,-0.8049974,-1.480086,-0.3952751,14.14793,NaN,NaN,0.1853789,0.8081925,4.744113E-07,1.0914,-6.655619E-09,1.332706
1103.189,-0.9886161,0.00110258,NaN,-0.9197435,0.002131124,NaN,0.2862689,-14.97277,NaN,-0.8041466,-1.479957,-0.3956203,14.14795,NaN,NaN,0.181586,0.8062574,4.595101E-07,1.091185,-5.463527E-09,1.342273
1103.205,-0.9897882,0.00110422,NaN,-0.9195989,0.002131738,NaN,0.2912623,-14.9714,NaN,-0.8033897,-1.475014,-0.396008,14.14268,NaN,NaN,0.1778675,0.8076441,4.463971E-07,1.084059,-5.463527E-09,1.331837
1103.22,-0.9897882,0.00110422,NaN,-0.9195989,0.002131738,NaN,0.2912623,-14.9714,NaN,-0.8033897,-1.475014,-0.396008,14.14268,NaN,NaN,0.1778675,0.8076441,4.463971E-07,1.084059,-5.463527E-09,1.331837
1103.234,-0.9912804,0.001105243,NaN,-0.9196741,0.002133199,NaN,0.2967618,-14.971,NaN,-0.8026725,-1.470549,-0.3969346,14.13797,NaN,NaN,0.174042,0.8080575,4.308999E-07,1.077599,-6.059573E-09,1.33048
1103.25,-0.9929526,0.001105888,NaN,-0.9198845,0.002135151,NaN,0.3023109,-14.97175,NaN,-0.8021048,-1.465715,-0.3980317,14.13297,NaN,NaN,0.1702918,0.8073012,4.213632E-07,1.070598,-6.059573E-09,1.333947
1103.265,-0.99472,0.001107579,NaN,-0.9201757,0.002138651,NaN,0.3077643,-14.97187,NaN,-0.8016345,-1.464596,-0.3991506,14.13181,NaN,NaN,0.1666154,0.8071631,4.106343E-07,1.068978,-6.059573E-09,1.336891
1103.279,-0.99472,0.001107579,NaN,-0.9201757,0.002138651,NaN,0.3077643,-14.97187,NaN,-0.8016345,-1.464596,-0.3991506,14.13181,NaN,NaN,0.1666154,0.8071631,4.106343E-07,1.068978,-6.059573E-09,1.336891
1103.298,-0.9965329,0.001109236,NaN,-0.9205144,0.002142405,NaN,0.3130889,-14.97257,NaN,-0.801232,-1.466774,-0.400242,14.13415,NaN,NaN,0.163011,0.8064713,4.028857E-07,1.07213,-7.251666E-09,1.340307
1103.31,-0.998633,0.00111058,NaN,-0.9210529,0.002143914,NaN,0.3189117,-14.97278,NaN,-0.8008565,-1.478588,-0.4018515,14.14649,NaN,NaN,0.1592972,0.8062863,3.861964E-07,1.089203,-6.059573E-09,1.341912
1103.324,-1.000887,0.001110638,NaN,-0.9217088,0.002142544,NaN,0.3247771,-14.97251,NaN,-0.8006207,-1.480288,-0.4036127,14.14824,NaN,NaN,0.1556567,0.8065367,3.784478E-07,1.091664,-6.65562E-09,1.339321
1103.339,-1.000887,0.001110638,NaN,-0.9217088,0.002142544,NaN,0.3247771,-14.97251,NaN,-0.8006207,-1.480288,-0.4036127,14.14824,NaN,NaN,0.1556567,0.8065367,3.784478E-07,1.091664,-6.65562E-09,1.339321
1103.354,-1.003218,0.001110365,NaN,-0.9224321,0.002139021,NaN,0.3305435,-14.97262,NaN,-0.800474,-1.466849,-0.4053819,14.13424,NaN,NaN,0.1520876,0.8065648,3.724873E-07,1.072245,-4.86748E-09,1.334065
1103.369,-1.005579,0.001109657,NaN,-0.9231924,0.00213698,NaN,0.3361784,-14.97113,NaN,-0.8003882,-1.470584,-0.4071125,14.13799,NaN,NaN,0.1485886,0.8080536,3.659308E-07,1.077646,-3.675387E-09,1.329865
1103.384,-1.008218,0.00110924,NaN,-0.924144,0.0021342,NaN,0.3423133,-14.97251,NaN,-0.8003273,-1.477559,-0.4093579,14.14543,NaN,NaN,0.1449781,0.8066781,3.522217E-07,1.087748,-4.86748E-09,1.336198
1103.399,-1.008218,0.00110924,NaN,-0.924144,0.0021342,NaN,0.3423133,-14.97251,NaN,-0.8003273,-1.477559,-0.4093579,14.14543,NaN,NaN,0.1449781,0.8066781,3.522217E-07,1.087748,-4.86748E-09,1.336198
1103.414,-1.011,0.001107977,NaN,-0.9252051,0.002131794,NaN,0.3484835,-14.97306,NaN,-0.8004022,-1.476986,-0.411742,14.14488,NaN,NaN,0.1414388,0.8061245,3.462613E-07,1.086913,-5.463527E-09,1.338983
1103.429,-1.013849,0.001108084,NaN,-0.926326,0.002130691,NaN,0.3545467,-14.97158,NaN,-0.8005617,-1.468002,-0.4141203,14.13539,NaN,NaN,0.137969,0.8076606,3.391087E-07,1.073952,-4.271434E-09,1.329024
1103.444,-1.016721,0.001108696,NaN,-0.9274774,0.002127599,NaN,0.3604713,-14.97155,NaN,-0.8007779,-1.464917,-0.416447,14.13216,NaN,NaN,0.1345673,0.8076797,3.319562E-07,1.069495,-2.483294E-09,1.328526
1103.459,-1.016721,0.001108696,NaN,-0.9274774,0.002127599,NaN,0.3604713,-14.97155,NaN,-0.8007779,-1.464917,-0.416447,14.13216,NaN,NaN,0.1345673,0.8076797,3.319562E-07,1.069495,-2.483294E-09,1.328526
1103.474,-1.019862,0.001109621,NaN,-0.9288144,0.002124914,NaN,0.3668946,-14.97244,NaN,-0.8010191,-1.478252,-0.4192838,14.14621,NaN,NaN,0.1310523,0.8068702,3.200353E-07,1.088798,-2.483294E-09,1.337836
1103.49,-1.02314,0.001109999,NaN,-0.9302543,0.002124864,NaN,0.3733436,-14.97157,NaN,-0.8013933,-1.473334,-0.4222451,14.141,NaN,NaN,0.1276066,0.8077721,3.146708E-07,1.081699,-4.271434E-09,1.327035
1103.504,-1.026477,0.001110339,NaN,-0.9317482,0.002124766,NaN,0.3796766,-14.9731,NaN,-0.8018484,-1.47621,-0.4251863,14.14415,NaN,NaN,0.1242285,0.8062297,3.128827E-07,1.085853,-6.059573E-09,1.340677
1103.519,-1.026477,0.001110339,NaN,-0.9317482,0.002124766,NaN,0.3796766,-14.9731,NaN,-0.8018484,-1.47621,-0.4251863,14.14415,NaN,NaN,0.1242285,0.8062297,3.128827E-07,1.085853,-6.059573E-09,1.340677
1103.534,-1.030102,0.001110472,NaN,-0.9334397,0.002125646,NaN,0.3865008,-14.97164,NaN,-0.8023449,-1.465673,-0.4286385,14.13302,NaN,NaN,0.1207367,0.8077535,3.015578E-07,1.070641,-5.463527E-09,1.329441
1103.549,-1.03387,0.001110011,NaN,-0.9352385,0.00212638,NaN,0.393329,-14.97301,NaN,-0.8029813,-1.472584,-0.4321976,14.14039,NaN,NaN,0.1173137,0.8064117,2.991736E-07,1.080644,-6.059573E-09,1.339002
1103.564,-1.037698,0.001109468,NaN,-0.9370915,0.002128783,NaN,0.4000214,-14.97238,NaN,-0.8037015,-1.466966,-0.435717,14.13446,NaN,NaN,0.113958,0.8070436,2.950013E-07,1.072524,-6.059573E-09,1.334283
1103.579,-1.037698,0.001109468,NaN,-0.9370915,0.002128783,NaN,0.4000214,-14.97238,NaN,-0.8037015,-1.466966,-0.435717,14.13446,NaN,NaN,0.113958,0.8070436,2.950013E-07,1.072524,-6.059573E-09,1.334283
1103.593,-1.041539,0.001108554,NaN,-0.9389675,0.002127478,NaN,0.4065518,-14.97116,NaN,-0.8044746,-1.477814,-0.4391547,14.14566,NaN,NaN,0.1106681,0.8082839,2.90829E-07,1.088201,-7.251666E-09,1.330869
1103.609,-1.045641,0.001108169,NaN,-0.9410213,0.002128588,NaN,0.413572,-14.97164,NaN,-0.805277,-1.466089,-0.4430888,14.13342,NaN,NaN,0.1072627,0.8078729,2.806962E-07,1.071224,-7.847713E-09,1.329331
1103.624,-1.049866,0.001107669,NaN,-0.9431681,0.00212764,NaN,0.4205949,-14.97295,NaN,-0.8062086,-1.4775,-0.4471178,14.1455,NaN,NaN,0.1039244,0.806591,2.747357E-07,1.087747,-1.142399E-08,1.33989
1103.639,-1.049866,0.001107669,NaN,-0.9431681,0.00212764,NaN,0.4205949,-14.97295,NaN,-0.8062086,-1.4775,-0.4471178,14.1455,NaN,NaN,0.1039244,0.806591,2.747357E-07,1.087747,-1.142399E-08,1.33989
1103.653,-1.054137,0.001107662,NaN,-0.9453586,0.002128722,NaN,0.4274816,-14.97157,NaN,-0.8072154,-1.468321,-0.451098,14.13581,NaN,NaN,0.1006518,0.8080117,2.729475E-07,1.074496,-1.142399E-08,1.32886
1103.669,-1.058412,0.00110797,NaN,-0.9475642,0.002127341,NaN,0.4342055,-14.97274,NaN,-0.8082684,-1.478552,-0.4549888,14.14663,NaN,NaN,0.09744329,0.8068504,2.705634E-07,1.089309,-1.321213E-08,1.337462
1103.685,-1.06294,0.001107815,NaN,-0.9499415,0.002125569,NaN,0.4414227,-14.9734,NaN,-0.809351,-1.478037,-0.4593754,14.14614,NaN,NaN,0.09411764,0.8061728,2.622187E-07,1.088552,-1.500027E-08,1.342603
1103.699,-1.06294,0.001107815,NaN,-0.9499415,0.002125569,NaN,0.4414227,-14.9734,NaN,-0.809351,-1.478037,-0.4593754,14.14614,NaN,NaN,0.09411764,0.8061728,2.622187E-07,1.088552,-1.500027E-08,1.342603
1103.714,-1.067584,0.001106637,NaN,-0.9524058,0.002121483,NaN,0.4486355,-14.9718,NaN,-0.810559,-1.468228,-0.4638456,14.13578,NaN,NaN,0.09085765,0.807832,2.646029E-07,1.074399,-1.738445E-08,1.332275
1103.729,-1.072268,0.001105772,NaN,-0.9549082,0.002116227,NaN,0.4557053,-14.97198,NaN,-0.8118378,-1.469322,-0.4682553,14.13695,NaN,NaN,0.08766171,0.8076308,2.65795E-07,1.075987,-1.857655E-08,1.332637
1103.744,-1.076949,0.001105143,NaN,-0.9574211,0.002114711,NaN,0.4626063,-14.97283,NaN,-0.8131586,-1.477642,-0.4725652,14.14573,NaN,NaN,0.08452845,0.8067756,2.643049E-07,1.088025,-1.857655E-08,1.338884
1103.759,-1.076949,0.001105143,NaN,-0.9574211,0.002114711,NaN,0.4626063,-14.97283,NaN,-0.8131586,-1.477642,-0.4725652,14.14573,NaN,NaN,0.08452845,0.8067756,2.643049E-07,1.088025,-1.857655E-08,1.338884
1103.774,-1.081879,0.001103771,NaN,-0.9601013,0.002114196,NaN,0.470001,-14.9716,NaN,-0.8145111,-1.466646,-0.4773685,14.13415,NaN,NaN,0.08127655,0.8080702,2.565563E-07,1.072144,-2.096073E-08,1.330613
1103.789,-1.086919,0.001102258,NaN,-0.9628637,0.00211217,NaN,0.4773824,-14.97147,NaN,-0.8159862,-1.478029,-0.4822429,14.14605,NaN,NaN,0.07808888,0.8082234,2.5298E-07,1.088618,-1.976864E-08,1.332354
1103.804,-1.091993,0.001101312,NaN,-0.9656599,0.002112815,NaN,0.4846129,-14.97141,NaN,-0.8175282,-1.469777,-0.4870445,14.13739,NaN,NaN,0.07496384,0.8083242,2.52682E-07,1.076667,-1.79805E-08,1.329069
1103.819,-1.091993,0.001101312,NaN,-0.9656599,0.002112815,NaN,0.4846129,-14.97141,NaN,-0.8175282,-1.469777,-0.4870445,14.13739,NaN,NaN,0.07496384,0.8083242,2.52682E-07,1.076667,-1.79805E-08,1.329069
1103.833,-1.097335,0.001101926,NaN,-0.968635,0.002112726,NaN,0.4923272,-14.97288,NaN,-0.8191191,-1.477924,-0.4923382,14.14607,NaN,NaN,0.07172,0.8068372,2.449333E-07,1.088458,-1.678841E-08,1.340266
1103.849,-1.102795,0.001101205,NaN,-0.9716966,0.002111938,NaN,0.500006,-14.9727,NaN,-0.820839,-1.480313,-0.4976845,14.14853,NaN,NaN,0.06854024,0.8069673,2.437413E-07,1.091906,-1.738445E-08,1.339675
1103.864,-1.108289,0.001101107,NaN,-0.9747924,0.002111876,NaN,0.5075149,-14.97179,NaN,-0.8226278,-1.475698,-0.5029398,14.14362,NaN,NaN,0.06542294,0.8078987,2.461254E-07,1.085238,-1.738445E-08,1.333166
1103.879,-1.108289,0.001101107,NaN,-0.9747924,0.002111876,NaN,0.5075149,-14.97179,NaN,-0.8226278,-1.475698,-0.5029398,14.14362,NaN,NaN,0.06542294,0.8078987,2.461254E-07,1.085238,-1.738445E-08,1.333166
1103.894,-1.113772,0.001100836,NaN,-0.9778929,0.002112071,NaN,0.514835,-14.9713,NaN,-0.8244544,-1.468842,-0.5080694,14.1364,NaN,NaN,0.06236678,0.808409,2.461254E-07,1.075313,-1.738445E-08,1.329717
1103.909,-1.119499,0.001101078,NaN,-0.981155,0.002110329,NaN,0.5226426,-14.97155,NaN,-0.8263193,-1.46543,-0.513683,14.13284,NaN,NaN,0.05919044,0.8081501,2.392709E-07,1.07037,-1.619236E-08,1.329213
1103.923,-1.125327,0.001101607,NaN,-0.9844912,0.002109081,NaN,0.5304154,-14.97311,NaN,-0.8283028,-1.47402,-0.5193407,14.142,NaN,NaN,0.05607687,0.806623,2.377808E-07,1.08281,-1.738445E-08,1.340475
1103.938,-1.125327,0.001101607,NaN,-0.9844912,0.002109081,NaN,0.5304154,-14.97311,NaN,-0.8283028,-1.47402,-0.5193407,14.142,NaN,NaN,0.05607687,0.806623,2.377808E-07,1.08281,-1.738445E-08,1.340475
1103.953,-1.131177,0.001101524,NaN,-0.9878531,0.002111213,NaN,0.5380197,-14.97267,NaN,-0.8303468,-1.467607,-0.524901,14.13526,NaN,NaN,0.05302446,0.8070837,2.395689E-07,1.073541,-1.738445E-08,1.337304
1103.968,-1.137008,0.001102011,NaN,-0.9912136,0.002111439,NaN,0.5454358,-14.97218,NaN,-0.8324218,-1.478852,-0.5303304,14.14694,NaN,NaN,0.05003192,0.807587,2.40165E-07,1.089796,-1.857655E-08,1.337
1103.984,-1.143079,0.001102939,NaN,-0.9947309,0.002111142,NaN,0.553344,-14.97158,NaN,-0.8345372,-1.47096,-0.5362453,14.13864,NaN,NaN,0.04691795,0.8082311,2.342045E-07,1.078383,-1.678841E-08,1.331585
1103.998,-1.143079,0.001102939,NaN,-0.9947309,0.002111142,NaN,0.553344,-14.97158,NaN,-0.8345372,-1.47096,-0.5362453,14.13864,NaN,NaN,0.04691795,0.8082311,2.342045E-07,1.078383,-1.678841E-08,1.331585
1104.013,-1.149244,0.001103388,NaN,-0.9983177,0.002110485,NaN,0.5612106,-14.97172,NaN,-0.8367673,-1.465377,-0.5421939,14.1328,NaN,NaN,0.04386554,0.8080867,2.339065E-07,1.070301,-1.79805E-08,1.330871
1104.028,-1.155426,0.001104128,NaN,-1.001926,0.002108878,NaN,0.5689033,-14.97311,NaN,-0.8390532,-1.472012,-0.5480354,14.13989,NaN,NaN,0.0408731,0.8067291,2.350986E-07,1.079912,-1.678841E-08,1.339672
1104.043,-1.161584,0.001104301,NaN,-1.005529,0.002106085,NaN,0.5764037,-14.97322,NaN,-0.8413658,-1.475829,-0.5537379,14.14389,NaN,NaN,0.03793934,0.8066005,2.368867E-07,1.08543,-1.976864E-08,1.341087
1104.058,-1.161584,0.001104301,NaN,-1.005529,0.002106085,NaN,0.5764037,-14.97322,NaN,-0.8413658,-1.475829,-0.5537379,14.14389,NaN,NaN,0.03793934,0.8066005,2.368867E-07,1.08543,-1.976864E-08,1.341087
1104.073,-1.167979,0.001103741,NaN,-1.009286,0.002104924,NaN,0.5843977,-14.9735,NaN,-0.8437222,-1.474324,-0.5599256,14.14234,NaN,NaN,0.034883,0.8063292,2.26754E-07,1.083251,-2.036468E-08,1.34328
1104.089,-1.174464,0.001102698,NaN,-1.013108,0.002103921,NaN,0.5923418,-14.97162,NaN,-0.84619,-1.466283,-0.5661356,14.13378,NaN,NaN,0.03188709,0.8082292,2.252638E-07,1.071644,-2.274887E-08,1.33125
1104.103,-1.180961,0.001100873,NaN,-1.016948,0.002100887,NaN,0.6001058,-14.971,NaN,-0.8487095,-1.47724,-0.5722282,14.14518,NaN,NaN,0.02895004,0.8088796,2.231777E-07,1.087502,-2.334492E-08,1.331139
1104.118,-1.180961,0.001100873,NaN,-1.016948,0.002100887,NaN,0.6001058,-14.971,NaN,-0.8487095,-1.47724,-0.5722282,14.14518,NaN,NaN,0.02895004,0.8088796,2.231777E-07,1.087502,-2.334492E-08,1.331139
1104.132,-1.187713,0.001100696,NaN,-1.020953,0.002097144,NaN,0.6083514,-14.9723,NaN,-0.8512902,-1.482167,-0.5788019,14.15046,NaN,NaN,0.02589048,0.8075209,2.15131E-07,1.09463,-2.274887E-08,1.33458
1104.148,-1.194561,0.001099888,NaN,-1.025028,0.002097931,NaN,0.6165247,-14.97126,NaN,-0.8539875,-1.476879,-0.5853788,14.14484,NaN,NaN,0.02289143,0.8086005,2.172172E-07,1.086994,-2.394096E-08,1.327469
1104.163,-1.201423,0.001100257,NaN,-1.02912,0.002099048,NaN,0.6245005,-14.97141,NaN,-0.8567374,-1.469768,-0.5918214,14.1374,NaN,NaN,0.01995128,0.8084779,2.198994E-07,1.076691,-2.274887E-08,1.327961
1104.178,-1.201423,0.001100257,NaN,-1.02912,0.002099048,NaN,0.6245005,-14.97141,NaN,-0.8567374,-1.469768,-0.5918214,14.1374,NaN,NaN,0.01995128,0.8084779,2.198994E-07,1.076691,-2.274887E-08,1.327961
1104.192,-1.208254,0.001100805,NaN,-1.033204,0.002101271,NaN,0.6322676,-14.97278,NaN,-0.8595086,-1.47812,-0.5981042,14.14628,NaN,NaN,0.01706878,0.8071055,2.198994E-07,1.088781,-2.274887E-08,1.336701
1104.208,-1.215318,0.001100251,NaN,-1.037436,0.002101509,NaN,0.640524,-14.97085,NaN,-0.862332,-1.467502,-0.6048665,14.13502,NaN,NaN,0.01406269,0.8091148,2.133429E-07,1.073449,-2.036468E-08,1.322606
1104.223,-1.222463,0.001101493,NaN,-1.041727,0.002103138,NaN,0.6487106,-14.97128,NaN,-0.8652618,-1.481073,-0.6116261,14.14928,NaN,NaN,0.01111605,0.8087088,2.100647E-07,1.093107,-1.917259E-08,1.32834
1104.238,-1.222463,0.001101493,NaN,-1.041727,0.002103138,NaN,0.6487106,-14.97128,NaN,-0.8652618,-1.481073,-0.6116261,14.14928,NaN,NaN,0.01111605,0.8087088,2.100647E-07,1.093107,-1.917259E-08,1.32834
1104.253,-1.229612,0.001102395,NaN,-1.04603,0.002105328,NaN,0.6567028,-14.97062,NaN,-0.8682357,-1.468882,-0.6182475,14.13645,NaN,NaN,0.00822729,0.8095136,2.112567E-07,1.075457,-2.036468E-08,1.323038
1104.268,-1.236722,0.001103789,NaN,-1.050318,0.002105503,NaN,0.6644884,-14.9717,NaN,-0.8712245,-1.473866,-0.6247063,14.14179,NaN,NaN,0.005395178,0.8084599,2.103627E-07,1.082683,-1.559631E-08,1.325791
1104.284,-1.244063,0.001104915,NaN,-1.054752,0.002105937,NaN,0.6727683,-14.97207,NaN,-0.8742687,-1.479496,-0.6316478,14.14771,NaN,NaN,0.002438487,0.8080748,2.035081E-07,1.090833,-1.917259E-08,1.331413
1104.298,-1.244063,0.001104915,NaN,-1.054752,0.002105937,NaN,0.6727683,-14.97207,NaN,-0.8742687,-1.479496,-0.6316478,14.14771,NaN,NaN,0.002438487,0.8080748,2.035081E-07,1.090833,-1.917259E-08,1.331413
1104.312,-1.25148,0.001105705,NaN,-1.059241,0.002104773,NaN,0.6809724,-14.97051,NaN,-0.8774149,-1.468827,-0.638577,14.13642,NaN,NaN,-0.0004597174,0.809751,2.029121E-07,1.075415,-1.79805E-08,1.321362
1104.327,-1.258895,0.001106916,NaN,-1.063738,0.002106354,NaN,0.6889783,-14.97197,NaN,-0.8806005,-1.476952,-0.6453603,14.1451,NaN,NaN,-0.003300993,0.8083295,2.029121E-07,1.087198,-1.79805E-08,1.330342
1104.342,-1.266269,0.001107586,NaN,-1.068217,0.002106334,NaN,0.6967754,-14.97043,NaN,-0.883796,-1.469761,-0.6519755,14.13744,NaN,NaN,-0.006086555,0.8099334,2.032101E-07,1.076807,-1.917259E-08,1.320842
1104.357,-1.266269,0.001107586,NaN,-1.068217,0.002106334,NaN,0.6967754,-14.97043,NaN,-0.883796,-1.469761,-0.6519755,14.13744,NaN,NaN,-0.006086555,0.8099334,2.032101E-07,1.076807,-1.917259E-08,1.320842
1104.372,-1.273871,0.001108519,NaN,-1.07284,0.002108399,NaN,0.7050689,-14.97189,NaN,-0.8870515,-1.475241,-0.6590753,14.14334,NaN,NaN,-0.0089976,0.8084924,1.960576E-07,1.084758,-2.155678E-08,1.329646
1104.387,-1.281545,0.001109074,NaN,-1.077515,0.00210905,NaN,0.7132792,-14.97069,NaN,-0.8904054,-1.481288,-0.6661519,14.14957,NaN,NaN,-0.01185106,0.8096672,1.927793E-07,1.093528,-1.917259E-08,1.32501
1104.402,-1.289214,0.001107507,NaN,-1.082195,0.002111447,NaN,0.721287,-14.97005,NaN,-0.8937938,-1.470186,-0.6730749,14.13786,NaN,NaN,-0.01464847,0.8104437,1.951635E-07,1.077443,-1.79805E-08,1.320669
1104.417,-1.289214,0.001107507,NaN,-1.082195,0.002111447,NaN,0.721287,-14.97005,NaN,-0.8937938,-1.470186,-0.6730749,14.13786,NaN,NaN,-0.01464847,0.8104437,1.951635E-07,1.077443,-1.79805E-08,1.320669
1104.432,-1.297128,0.001105427,NaN,-1.087029,0.002112961,NaN,0.7297772,-14.97048,NaN,-0.8972588,-1.469487,-0.6804762,14.13717,NaN,NaN,-0.01757111,0.8100152,1.88309E-07,1.07643,-1.559631E-08,1.319479
1104.447,-1.305121,0.001103605,NaN,-1.091918,0.002115101,NaN,0.7381623,-14.97148,NaN,-0.9008258,-1.474438,-0.6878353,14.14247,NaN,NaN,-0.02043595,0.8090219,1.88905E-07,1.08361,-1.917259E-08,1.328839
1104.462,-1.313108,0.001101582,NaN,-1.096812,0.002117164,NaN,0.7463297,-14.97044,NaN,-0.9044269,-1.467977,-0.6950258,14.1356,NaN,NaN,-0.02324454,0.8100963,1.900971E-07,1.074255,-2.036469E-08,1.321247
1104.477,-1.313108,0.001101582,NaN,-1.096812,0.002117164,NaN,0.7463297,-14.97044,NaN,-0.9044269,-1.467977,-0.6950258,14.1356,NaN,NaN,-0.02324454,0.8100963,1.900971E-07,1.074255,-2.036469E-08,1.321247
1104.493,-1.321047,0.001101233,NaN,-1.101686,0.002117321,NaN,0.7542761,-14.97053,NaN,-0.9080316,-1.465487,-0.7020327,14.133,NaN,NaN,-0.02599807,0.8100037,1.903951E-07,1.070647,-1.79805E-08,1.318486
1104.507,-1.329212,0.001101397,NaN,-1.106699,0.002115269,NaN,0.7627155,-14.97147,NaN,-0.9117054,-1.471037,-0.7095227,14.13893,NaN,NaN,-0.02887768,0.8090987,1.811564E-07,1.078705,-1.917259E-08,1.325481
1104.522,-1.337442,0.001101169,NaN,-1.11176,0.002115958,NaN,0.7710534,-14.97134,NaN,-0.9154711,-1.465745,-0.716966,14.13337,NaN,NaN,-0.03170035,0.809236,1.805604E-07,1.07104,-1.79805E-08,1.323905
1104.536,-1.337442,0.001101169,NaN,-1.11176,0.002115958,NaN,0.7710534,-14.97134,NaN,-0.9154711,-1.465745,-0.716966,14.13337,NaN,NaN,-0.03170035,0.809236,1.805604E-07,1.07104,-1.79805E-08,1.323905
1104.551,-1.345657,0.001101304,NaN,-1.116819,0.002116394,NaN,0.7791783,-14.9719,NaN,-0.9192628,-1.47734,-0.7242392,14.14559,NaN,NaN,-0.03446759,0.8087189,1.802623E-07,1.087847,-1.79805E-08,1.330043
1104.566,-1.353819,0.001101159,NaN,-1.121854,0.002117008,NaN,0.7870859,-14.97151,NaN,-0.9230518,-1.468649,-0.7313282,14.13645,NaN,NaN,-0.03718057,0.809181,1.823485E-07,1.075263,-1.559632E-08,1.324649
1104.581,-1.362205,0.001100472,NaN,-1.127026,0.002117113,NaN,0.7954912,-14.97043,NaN,-0.9269137,-1.467344,-0.7389053,14.13497,NaN,NaN,-0.04002042,0.8102539,1.737058E-07,1.073369,-1.321213E-08,1.318428
1104.596,-1.362205,0.001100472,NaN,-1.127026,0.002117113,NaN,0.7954912,-14.97043,NaN,-0.9269137,-1.467344,-0.7389053,14.13497,NaN,NaN,-0.04002042,0.8102539,1.737058E-07,1.073369,-1.321213E-08,1.318428
1104.61,-1.370652,0.001099553,NaN,-1.132242,0.002115311,NaN,0.8037898,-14.97105,NaN,-0.9308631,-1.468361,-0.7464263,14.13611,NaN,NaN,-0.04280411,0.8096346,1.737058E-07,1.074852,-9.635851E-09,1.322516
1104.626,-1.379079,0.001100486,NaN,-1.137455,0.002114827,NaN,0.8118737,-14.9707,NaN,-0.9348333,-1.464687,-0.7537719,14.13222,NaN,NaN,-0.04553315,0.8099771,1.722157E-07,1.069528,-1.202004E-08,1.319706
1104.641,-1.38745,0.001101175,NaN,-1.142641,0.002113988,NaN,0.81974,-14.97114,NaN,-0.9387957,-1.478592,-0.7609307,14.14687,NaN,NaN,-0.04820869,0.8096037,1.707256E-07,1.089702,-1.559632E-08,1.326543
