Time,j2s6s300_link_1,j2s6s300_link_2,j2s6s300_link_3,j2s6s300_link_4,j2s6s300_link_5,j2s6s300_link_6,j2s6s300_link_finger_3,j2s6s300_link_finger_tip_3,j2s6s300_link_finger_2,j2s6s300_link_finger_tip_2,j2s6s300_link_finger_1,j2s6s300_link_finger_tip_1,
138.04,0.002816527,0.8812332,0.3245598,0.004725714,0.5236154,1.689102E-06,-9.193714E-07,-4.174734E-07,-6.388212E-09,0,0,0
138.0549,0.002958337,0.8765213,0.3285904,0.004481122,0.534658,1.855474E-06,-2.062588E-06,-1.647713E-06,-5.196119E-09,0,0,0
138.0674,0.003131937,0.8717462,0.3290288,0.004055953,0.5438675,1.924946E-06,-1.892119E-06,-1.596453E-06,1.030109E-08,0,0,0
138.081,0.00314281,0.8675736,0.3289169,0.00369675,0.5515444,1.859665E-06,-1.356869E-06,-1.151803E-06,1.506946E-08,0,0,0
138.0951,0.00314281,0.8675736,0.3289169,0.00369675,0.5515444,1.859665E-06,-1.356869E-06,-1.151803E-06,1.506946E-08,0,0,0
138.1083,0.003151562,0.8636591,0.3290605,0.003312758,0.5579453,1.772472E-06,-1.110106E-06,-1.000407E-06,1.864574E-08,0,0,0
138.1231,0.00318277,0.8597335,0.3294673,0.002892279,0.5632824,1.68109E-06,-9.861286E-07,-9.372258E-07,2.222202E-08,0,0,0
138.1369,0.00318277,0.8597335,0.3294673,0.002892279,0.5632824,1.68109E-06,-9.861286E-07,-9.372258E-07,2.222202E-08,0,0,0
138.1501,0.003243444,0.855738,0.329974,0.002434861,0.5677328,1.598077E-06,-9.742076E-07,-9.65836E-07,2.222202E-08,0,0,0
138.1647,0.003354434,0.8517093,0.3304892,0.001937271,0.5714442,1.555863E-06,-1.094609E-06,-1.136305E-06,1.387737E-08,0,0,0
138.1786,0.003354434,0.8517093,0.3304892,0.001937271,0.5714442,1.555863E-06,-1.094609E-06,-1.136305E-06,1.387737E-08,0,0,0
138.192,0.008677014,0.8527972,0.3369336,-0.004300479,0.5765948,-0.004220477,-4.59221E-06,-5.225184E-06,-4.277467E-10,0,0,0
138.2066,0.01404661,0.8542261,0.3416964,-0.008404111,0.5808352,-0.007740492,-3.514558E-06,-4.025938E-06,-4.004026E-09,0,0,0
138.2204,0.0190613,0.8555944,0.345428,-0.01100577,0.5843428,-0.01067537,-2.502471E-06,-2.782585E-06,-8.772397E-09,0,0,0
138.2343,0.0190613,0.8555944,0.345428,-0.01100577,0.5843428,-0.01067537,-2.502471E-06,-2.782585E-06,-8.772397E-09,0,0,0
138.2477,0.02342096,0.856747,0.3484821,-0.01247897,0.5872526,-0.01312241,-1.844435E-06,-1.957657E-06,-1.61984E-09,0,0,0
138.2624,0.03278002,0.8629487,0.3576504,-0.0190673,0.5916527,-0.0193834,-5.876093E-06,-6.792786E-06,-1.234867E-08,0,0,0
138.2762,0.03278002,0.8629487,0.3576504,-0.0190673,0.5916527,-0.0193834,-5.876093E-06,-6.792786E-06,-1.234867E-08,0,0,0
138.2906,0.04145218,0.8688149,0.3645892,-0.02283066,0.5952772,-0.0246037,-3.979474E-06,-4.51708E-06,-1.234867E-08,0,0,0
138.304,0.04919527,0.8739607,0.3700805,-0.02476292,0.5982901,-0.02895643,-2.609759E-06,-2.837422E-06,-2.215885E-09,0,0,0
138.3239,0.05602438,0.8783483,0.3745488,-0.02560857,0.6008043,-0.03258573,-2.039938E-06,-2.165081E-06,5.532718E-09,0,0,0
138.3325,0.05602438,0.8783483,0.3745488,-0.02560857,0.6008043,-0.03258573,-2.039938E-06,-2.165081E-06,5.532718E-09,0,0,0
138.343,0.06731909,0.8876058,0.3846962,-0.03125868,0.6048124,-0.03983161,-6.130009E-06,-6.718876E-06,7.320858E-09,0,0,0
138.3578,0.06731909,0.8876058,0.3846962,-0.03125868,0.6048124,-0.03983161,-6.130009E-06,-6.718876E-06,7.320858E-09,0,0,0
138.3713,0.07788394,0.8962277,0.3923012,-0.03428281,0.6081499,-0.0458733,-4.442005E-06,-4.849078E-06,9.108997E-09,0,0,0
138.3866,0.08749016,0.9038949,0.3981933,-0.03576818,0.6109453,-0.05091109,-3.209381E-06,-3.417971E-06,1.208923E-08,0,0,0
138.3999,0.08749016,0.9038949,0.3981933,-0.03576818,0.6109453,-0.05091109,-3.209381E-06,-3.417971E-06,1.208923E-08,0,0,0
138.4128,0.1013201,0.9161368,0.4092953,-0.04158952,0.615147,-0.05933082,-7.29826E-06,-7.901432E-06,-1.023793E-09,0,0,0
138.4276,0.1141607,0.9273287,0.4176149,-0.0446001,0.6186752,-0.06635156,-5.181103E-06,-5.555393E-06,7.643467E-10,0,0,0
138.4414,0.1257528,0.9371741,0.4240681,-0.04602433,0.621648,-0.07220597,-3.625422E-06,-3.798844E-06,6.724811E-09,0,0,0
138.4554,0.1257528,0.9371741,0.4240681,-0.04602433,0.621648,-0.07220597,-3.625422E-06,-3.798844E-06,6.724811E-09,0,0,0
138.4691,0.1413128,0.9513134,0.4355684,-0.05162444,0.6259636,-0.08130607,-8.032589E-06,-8.522512E-06,1.447341E-08,0,0,0
138.4835,0.1556522,0.9640732,0.4442296,-0.05444143,0.6296182,-0.08889447,-5.581646E-06,-5.853565E-06,1.506946E-08,0,0,0
138.4976,0.1556522,0.9640732,0.4442296,-0.05444143,0.6296182,-0.08889447,-5.581646E-06,-5.853565E-06,1.506946E-08,0,0,0
138.5108,0.1685019,0.9752106,0.4509806,-0.05574502,0.6327116,-0.09522247,-3.795891E-06,-3.890859E-06,6.426787E-09,0,0,0
138.5251,0.1797573,0.9847517,0.4563737,-0.05622369,0.6353219,-0.1004994,-2.697974E-06,-2.654733E-06,8.959985E-09,0,0,0
138.5393,0.1797573,0.9847517,0.4563737,-0.05622369,0.6353219,-0.1004994,-2.697974E-06,-2.654733E-06,8.959985E-09,0,0,0
138.5534,0.1948605,0.9985746,0.4670608,-0.06113997,0.6392979,-0.1091174,-8.132725E-06,-8.351298E-06,1.611254E-08,0,0,0
138.5671,0.2087125,1.010976,0.4751278,-0.06357519,0.6426907,-0.1163042,-5.483895E-06,-5.585847E-06,6.203271E-09,0,0,0
138.5807,0.2210553,1.021757,0.4814339,-0.0647179,0.6455707,-0.1222974,-3.658801E-06,-3.603546E-06,-4.804962E-09,0,0,0
138.5947,0.2210553,1.021757,0.4814339,-0.0647179,0.6455707,-0.1222974,-3.658801E-06,-3.603546E-06,-4.804962E-09,0,0,0
138.6084,0.2372466,1.036762,0.4927467,-0.06991193,0.6497607,-0.1315123,-9.167462E-06,-9.265167E-06,-1.129628E-08,0,0,0
138.6228,0.2521086,1.05018,0.5013009,-0.0725143,0.6533538,-0.1391971,-5.958348E-06,-5.963219E-06,-1.181782E-08,0,0,0
138.6368,0.2521086,1.05018,0.5013009,-0.0725143,0.6533538,-0.1391971,-5.958348E-06,-5.963219E-06,-1.181782E-08,0,0,0
138.6499,0.2653247,1.061815,0.5080041,-0.07379624,0.6564101,-0.1456059,-3.841191E-06,-3.723276E-06,-1.03277E-08,0,0,0
138.6647,0.2768034,1.071738,0.5133865,-0.07439049,0.658993,-0.1509506,-2.632409E-06,-2.43224E-06,4.011307E-10,0,0,0
138.6787,0.2768034,1.071738,0.5133865,-0.07439049,0.658993,-0.1509506,-2.632409E-06,-2.43224E-06,4.011307E-10,0,0,0
138.6919,0.2921249,1.085982,0.5239857,-0.07918732,0.6629084,-0.1596241,-9.197264E-06,-9.055359E-06,7.702699E-09,0,0,0
138.706,0.3061733,1.098686,0.532012,-0.08161145,0.6662816,-0.1668576,-5.820065E-06,-5.662662E-06,1.02359E-08,0,0,0
138.7203,0.3186296,1.109681,0.5383164,-0.08286675,0.6691536,-0.1728903,-3.670722E-06,-3.442091E-06,2.487293E-09,0,0,0
138.7341,0.3186296,1.109681,0.5383164,-0.08286675,0.6691536,-0.1728903,-3.670722E-06,-3.442091E-06,2.487293E-09,0,0,0
138.7476,0.3349501,1.124954,0.5495591,-0.08795389,0.6733114,-0.1821372,-1.01724E-05,-9.901744E-06,-5.26131E-09,0,0,0
138.7619,0.3499259,1.138542,0.5580907,-0.09057122,0.6769037,-0.1898493,-6.204515E-06,-5.967838E-06,-1.088985E-09,0,0,0
138.7762,0.3499259,1.138542,0.5580907,-0.09057122,0.6769037,-0.1898493,-6.204515E-06,-5.967838E-06,-1.088985E-09,0,0,0
138.7896,0.3631814,1.150278,0.5648099,-0.09199343,0.6799638,-0.1962811,-3.792911E-06,-3.50557E-06,-1.983055E-09,0,0,0
138.8038,0.3746299,1.160257,0.570231,-0.09280731,0.6825482,-0.2016453,-2.529889E-06,-2.215129E-06,-7.94352E-09,0,0,0
138.8179,0.3746299,1.160257,0.570231,-0.09280731,0.6825482,-0.2016453,-2.529889E-06,-2.215129E-06,-7.94352E-09,0,0,0
138.831,0.3899618,1.174639,0.5807906,-0.09756928,0.6864476,-0.2103342,-1.013067E-05,-9.61296E-06,7.255665E-09,0,0,0
138.8456,0.4040335,1.187417,0.5888121,-0.1000506,0.6898261,-0.2175811,-6.017357E-06,-5.649847E-06,1.172601E-08,0,0,0
138.8596,0.4040335,1.187417,0.5888121,-0.1000506,0.6898261,-0.2175811,-6.017357E-06,-5.649847E-06,1.172601E-08,0,0,0
138.8728,0.4164676,1.198436,0.5951426,-0.101461,0.6927036,-0.2236252,-3.60158E-06,-3.243012E-06,1.053392E-08,0,0,0
138.8876,0.4327991,1.213812,0.606346,-0.1064826,0.696857,-0.232881,-1.100925E-05,-1.035444E-05,2.487293E-09,0,0,0
138.9013,0.4477896,1.227437,0.6148763,-0.1091478,0.7004591,-0.2406009,-6.346375E-06,-5.887074E-06,-1.949159E-10,0,0,0
138.9153,0.4477896,1.227437,0.6148763,-0.1091478,0.7004591,-0.2406009,-6.346375E-06,-5.887074E-06,-1.949159E-10,0,0,0
138.9286,0.4610123,1.239165,0.6216267,-0.1107234,0.7035254,-0.2470396,-3.677875E-06,-3.261489E-06,1.2952E-09,0,0,0
138.943,0.4723837,1.249111,0.6270974,-0.1117488,0.7061107,-0.2524096,-2.38505E-06,-1.987738E-06,-7.909624E-10,0,0,0
138.9573,0.4723837,1.249111,0.6270974,-0.1117488,0.7061107,-0.2524096,-2.38505E-06,-1.987738E-06,-7.909624E-10,0,0,0
138.9703,0.4876817,1.263557,0.6376399,-0.1164789,0.7100098,-0.2611046,-1.084891E-05,-9.985489E-06,5.765548E-09,0,0,0
138.9849,0.5017395,1.276345,0.6456684,-0.1190201,0.7133957,-0.2683581,-6.153256E-06,-5.581898E-06,3.08334E-09,0,0,0
138.9989,0.5017395,1.276345,0.6456684,-0.1190201,0.7133957,-0.2683581,-6.153256E-06,-5.581898E-06,3.08334E-09,0,0,0
139.0122,0.5141301,1.287337,0.65203,-0.1205773,0.7162756,-0.2744086,-3.516346E-06,-3.048104E-06,1.891247E-09,0,0,0
139.027,0.5304502,1.302773,0.6632175,-0.1255461,0.7204354,-0.2836753,-1.163688E-05,-1.06024E-05,5.169502E-09,0,0,0
139.0406,0.5454355,1.316402,0.671759,-0.1282647,0.7240449,-0.2914056,-6.359488E-06,-5.705876E-06,8.149734E-09,0,0,0
139.0545,0.5454355,1.316402,0.671759,-0.1282647,0.7240449,-0.2914056,-6.359488E-06,-5.705876E-06,8.149734E-09,0,0,0
139.0679,0.5586191,1.328094,0.6785439,-0.1299838,0.7271113,-0.2978534,-3.506213E-06,-3.002805E-06,6.957642E-09,0,0,0
139.0824,0.5699198,1.337985,0.6840613,-0.1311948,0.7296916,-0.30323,-2.230078E-06,-1.780314E-06,3.381363E-09,0,0,0
139.0966,0.5699198,1.337985,0.6840613,-0.1311948,0.7296916,-0.30323,-2.230078E-06,-1.780314E-06,3.381363E-09,0,0,0
139.1097,0.5851814,1.352476,0.6945993,-0.1358916,0.7335988,-0.3119336,-1.139936E-05,-1.018218E-05,4.011309E-10,0,0,0
139.1243,0.5992187,1.365263,0.7026441,-0.138483,0.7369896,-0.3191944,-6.132095E-06,-5.390567E-06,-1.387008E-09,0,0,0
139.1382,0.5992187,1.365263,0.7026441,-0.138483,0.7369896,-0.3191944,-6.132095E-06,-5.390567E-06,-1.387008E-09,0,0,0
139.1515,0.6115679,1.376217,0.7090383,-0.1401632,0.7398666,-0.3252496,-3.328591E-06,-2.78942E-06,4.011309E-10,0,0,0
139.1662,0.6278644,1.391707,0.7202194,-0.1450679,0.7440397,-0.3345186,-1.207289E-05,-1.064531E-05,-1.330794E-08,0,0,0
139.18,0.6428359,1.40534,0.7287784,-0.1478242,0.7476541,-0.342251,-6.282299E-06,-5.453748E-06,-7.90962E-10,0,0,0
139.1939,0.6428359,1.40534,0.7287784,-0.1478242,0.7476541,-0.342251,-6.282299E-06,-5.453748E-06,-7.90962E-10,0,0,0
139.2072,0.6559834,1.416996,0.7355992,-0.1496577,0.7507157,-0.3486981,-3.308921E-06,-2.708358E-06,-3.771194E-09,0,0,0
139.2216,0.6672269,1.426829,0.7411587,-0.151017,0.7532862,-0.3540714,-2.040832E-06,-1.547856E-06,5.169502E-09,0,0,0
139.2358,0.6672269,1.426829,0.7411587,-0.151017,0.7532862,-0.3540714,-2.040832E-06,-1.547856E-06,5.169502E-09,0,0,0
139.2491,0.6824455,1.441357,0.7516856,-0.1556551,0.7572069,-0.36277,-1.180199E-05,-1.021318E-05,5.765548E-09,0,0,0
139.2635,0.6964606,1.45414,0.7597398,-0.1582753,0.7606,-0.3700269,-6.092756E-06,-5.203409E-06,3.381363E-09,0,0,0
139.2776,0.6964606,1.45414,0.7597398,-0.1582753,0.7606,-0.3700269,-6.092756E-06,-5.203409E-06,3.381363E-09,0,0,0
139.2909,0.7087787,1.465059,0.7661629,-0.1600532,0.7634704,-0.3760759,-3.166467E-06,-2.551002E-06,3.381363E-09,0,0,0
139.3053,0.7250444,1.480585,0.7773184,-0.1648819,0.76766,-0.3853377,-1.238462E-05,-1.060538E-05,1.351415E-08,0,0,0
139.3192,0.7250444,1.480585,0.7773184,-0.1648819,0.76766,-0.3853377,-1.238462E-05,-1.060538E-05,1.351415E-08,0,0,0
139.3326,0.7399998,1.494208,0.7858787,-0.1676608,0.7712753,-0.3930642,-6.229848E-06,-5.283875E-06,8.745781E-09,0,0,0
139.348,0.7531237,1.505823,0.7927237,-0.1695908,0.7743282,-0.3995042,-3.148288E-06,-2.519412E-06,5.169502E-09,0,0,0
139.3612,0.7643298,1.515599,0.7983184,-0.1710764,0.7768862,-0.4048701,-1.904339E-06,-1.386327E-06,7.553687E-09,0,0,0
139.3752,0.7643298,1.515599,0.7983184,-0.1710764,0.7768862,-0.4048701,-1.904339E-06,-1.386327E-06,7.553687E-09,0,0,0
139.3884,0.7795043,1.530149,0.8088213,-0.1756564,0.7808233,-0.4135624,-1.204771E-05,-1.014165E-05,4.011302E-10,0,0,0
139.4027,0.7934964,1.542918,0.8168737,-0.1782991,0.7842158,-0.4208142,-6.052375E-06,-5.052609E-06,-1.949162E-10,0,0,0
139.4168,0.7934964,1.542918,0.8168737,-0.1782991,0.7842158,-0.4208142,-6.052375E-06,-5.052609E-06,-1.949162E-10,0,0,0
139.4301,0.8057936,1.553795,0.8233165,-0.1801621,0.7870765,-0.4268585,-3.042936E-06,-2.394242E-06,3.977409E-09,0,0,0
139.4446,0.8220239,1.569343,0.834444,-0.1849271,0.7912844,-0.4361168,-1.252812E-05,-1.043372E-05,-1.949161E-10,0,0,0
139.4589,0.8220239,1.569343,0.834444,-0.1849271,0.7912844,-0.4361168,-1.252812E-05,-1.043372E-05,-1.949161E-10,0,0,0
139.4719,0.8369604,1.58295,0.8430032,-0.187728,0.7948977,-0.4438405,-6.171286E-06,-5.102677E-06,-1.387009E-09,0,0,0
139.4864,0.8500691,1.594519,0.8498699,-0.1897418,0.7979391,-0.4502779,-3.036082E-06,-2.37636E-06,9.971768E-10,0,0,0
139.5003,0.8612542,1.604239,0.8554975,-0.1913346,0.8004827,-0.4556418,-1.795411E-06,-1.290364E-06,4.011304E-10,0,0,0
139.5145,0.8612542,1.604239,0.8554975,-0.1913346,0.8004827,-0.4556418,-1.795411E-06,-1.290364E-06,4.011304E-10,0,0,0
139.5276,0.8763838,1.618804,0.8659801,-0.195868,0.8044379,-0.464333,-1.210225E-05,-9.897871E-06,-6.751427E-09,0,0,0
139.5422,0.8903479,1.631556,0.8740329,-0.1985289,0.8078274,-0.471584,-6.008268E-06,-4.899425E-06,3.977409E-09,0,0,0
139.5561,0.8903479,1.631556,0.8740329,-0.1985289,0.8078274,-0.471584,-6.008268E-06,-4.899425E-06,3.977409E-09,0,0,0
139.5694,0.902631,1.642391,0.8804968,-0.2004617,0.8106766,-0.4776275,-2.942801E-06,-2.278609E-06,3.977409E-09,0,0,0
139.584,0.918821,1.657959,0.8916022,-0.2051767,0.8149036,-0.4868859,-1.248401E-05,-1.010053E-05,-7.909629E-10,0,0,0
139.5981,0.918821,1.657959,0.8916022,-0.2051767,0.8149036,-0.4868859,-1.248401E-05,-1.010053E-05,-7.909629E-10,0,0,0
139.6113,0.9337309,1.671549,0.9001632,-0.2079938,0.8185122,-0.4946096,-6.098271E-06,-4.93638E-06,2.189269E-09,0,0,0
139.6257,0.9468312,1.683076,0.9070535,-0.2100747,0.8215406,-0.501047,-2.927006E-06,-2.257747E-06,4.573455E-09,0,0,0
139.6397,0.9468312,1.683076,0.9070535,-0.2100747,0.8215406,-0.501047,-2.927006E-06,-2.257747E-06,4.573455E-09,0,0,0
139.6531,0.9636925,1.699247,0.9184946,-0.2148734,0.8259306,-0.5106339,-1.238164E-05,-9.877604E-06,4.011298E-10,0,0,0
139.6676,0.979165,1.713324,0.9273437,-0.2177789,0.8296649,-0.5186311,-6.049842E-06,-4.844589E-06,9.971762E-10,0,0,0
139.682,0.9927458,1.725247,0.9344834,-0.2199546,0.8327944,-0.5252965,-2.871425E-06,-2.193374E-06,5.169501E-09,0,0,0
139.6953,0.9927458,1.725247,0.9344834,-0.2199546,0.8327944,-0.5252965,-2.871425E-06,-2.193374E-06,5.169501E-09,0,0,0
139.7089,1.004336,1.735245,0.9403617,-0.2217352,0.8354059,-0.5308549,-1.609297E-06,-1.124663E-06,1.593223E-09,0,0,0
139.7234,1.019733,1.750123,0.9509857,-0.2262757,0.8394647,-0.5397051,-1.17631E-05,-9.17129E-06,-2.105654E-08,0,0,0
139.737,1.019733,1.750123,0.9509857,-0.2262757,0.8394647,-0.5397051,-1.17631E-05,-9.17129E-06,-2.105654E-08,0,0,0
139.7506,1.033916,1.763093,0.9591798,-0.228993,0.8429082,-0.547088,-5.855233E-06,-4.612131E-06,8.745781E-09,0,0,0
139.7649,1.04642,1.77408,0.9657922,-0.2310378,0.8457906,-0.5532455,-2.823443E-06,-2.135558E-06,8.149734E-09,0,0,0
139.7798,1.04642,1.77408,0.9657922,-0.2310378,0.8457906,-0.5532455,-2.823443E-06,-2.135558E-06,8.149734E-09,0,0,0
139.7925,1.062732,1.789845,0.9769661,-0.2357353,0.8500901,-0.5625963,-1.20042E-05,-9.259505E-06,2.096473E-08,0,0,0
139.8068,1.077739,1.803553,0.9856115,-0.2385864,0.8537239,-0.5703963,-5.941511E-06,-4.634184E-06,2.394496E-08,0,0,0
139.8208,1.09097,1.815149,0.992604,-0.2407582,0.856762,-0.5769015,-2.827466E-06,-2.129597E-06,1.500427E-08,0,0,0
139.8346,1.09097,1.815149,0.992604,-0.2407582,0.856762,-0.5769015,-2.827466E-06,-2.129597E-06,1.500427E-08,0,0,0
139.848,1.102293,1.824864,0.9983699,-0.2425642,0.8592954,-0.582327,-1.583368E-06,-1.126451E-06,1.440822E-08,0,0,0
139.8625,1.117406,1.839557,1.00886,-0.2470704,0.8633206,-0.5910669,-1.130667E-05,-8.492989E-06,2.57331E-08,0,0,0
139.8766,1.117406,1.839557,1.00886,-0.2470704,0.8633206,-0.5910669,-1.130667E-05,-8.492989E-06,2.57331E-08,0,0,0
139.8899,1.13133,1.852344,1.016957,-0.2497681,0.8667111,-0.5983571,-5.766124E-06,-4.432721E-06,2.096473E-08,0,0,0
139.9042,1.143656,1.863163,1.023508,-0.2518207,0.8695432,-0.6044377,-2.815396E-06,-2.108736E-06,1.440822E-08,0,0,0
139.9184,1.143656,1.863163,1.023508,-0.2518207,0.8695432,-0.6044377,-2.815396E-06,-2.108736E-06,1.440822E-08,0,0,0
139.9318,1.159776,1.87883,1.034599,-0.2564934,0.873831,-0.6137244,-1.15208E-05,-8.55617E-06,1.738846E-08,0,0,0
139.9461,1.174601,1.892428,1.04319,-0.2593302,0.8774289,-0.6214706,-5.84659E-06,-4.444045E-06,2.424299E-08,0,0,0
139.9601,1.187726,1.903916,1.050157,-0.2615109,0.8804316,-0.6279315,-2.836258E-06,-2.097411E-06,2.126276E-08,0,0,0
139.974,1.187726,1.903916,1.050157,-0.2615109,0.8804316,-0.6279315,-2.836258E-06,-2.097411E-06,2.126276E-08,0,0,0
139.9874,1.199003,1.913534,1.055912,-0.2633491,0.882935,-0.6333199,-1.608402E-06,-1.140756E-06,1.232206E-08,0,0,0
140.0019,1.214016,1.928187,1.066358,-0.2678717,0.8869662,-0.6420296,-1.069148E-05,-7.722897E-06,1.295201E-09,0,0,0
140.0157,1.214016,1.928187,1.066358,-0.2678717,0.8869662,-0.6420296,-1.069148E-05,-7.722897E-06,1.295201E-09,0,0,0
140.0292,1.227808,1.94092,1.074432,-0.270571,0.8903345,-0.6492944,-5.625383E-06,-4.187149E-06,3.679387E-09,0,0,0
140.0435,1.240067,1.951678,1.080978,-0.272629,0.8931434,-0.6553535,-2.857343E-06,-2.108736E-06,9.971781E-10,0,0,0
140.0576,1.240067,1.951678,1.080978,-0.272629,0.8931434,-0.6553535,-2.857343E-06,-2.108736E-06,9.971781E-10,0,0,0
140.0711,1.256092,1.96733,1.092037,-0.2773145,0.8974422,-0.6646233,-1.085673E-05,-7.734222E-06,1.232206E-08,0,0,0
140.0855,1.270794,1.980893,1.100617,-0.2801466,0.9010215,-0.6723551,-5.713449E-06,-4.197283E-06,2.30509E-08,0,0,0
140.0993,1.270794,1.980893,1.100617,-0.2801466,0.9010215,-0.6723551,-5.713449E-06,-4.197283E-06,2.30509E-08,0,0,0
140.1127,1.283868,1.992337,1.10759,-0.2823229,0.9040042,-0.6788034,-2.901302E-06,-2.117677E-06,1.709043E-08,0,0,0
140.1272,1.295162,2.001915,1.113361,-0.2841779,0.9064919,-0.6841812,-1.651392E-06,-1.158638E-06,1.619636E-08,0,0,0
140.1413,1.31014,2.016566,1.123789,-0.2887527,0.9105418,-0.6928832,-9.917215E-06,-6.843133E-06,1.768648E-08,0,0,0
140.155,1.31014,2.016566,1.123789,-0.2887527,0.9105418,-0.6928832,-9.917215E-06,-6.843133E-06,1.768648E-08,0,0,0
140.1685,1.323823,2.02928,1.13186,-0.2914673,0.9138972,-0.7001411,-5.430177E-06,-3.883762E-06,5.169505E-09,0,0,0
140.183,1.336028,2.040009,1.138414,-0.2935189,0.9166901,-0.7061942,-2.908305E-06,-2.109332E-06,-1.685029E-09,0,0,0
140.1969,1.336028,2.040009,1.138414,-0.2935189,0.9166901,-0.7061942,-2.908305E-06,-2.109332E-06,-1.685029E-09,0,0,0
140.2104,1.351985,2.055665,1.14946,-0.2982452,0.9210069,-0.7154601,-1.010527E-05,-6.87532E-06,-2.877122E-09,0,0,0
140.2249,1.366558,2.069215,1.15804,-0.3010792,0.9245726,-0.7231881,-5.513624E-06,-3.893299E-06,1.295203E-09,0,0,0
140.239,1.366558,2.069215,1.15804,-0.3010792,0.9245726,-0.7231881,-5.513624E-06,-3.893299E-06,1.295203E-09,0,0,0
140.252,1.37957,2.080635,1.165023,-0.3032314,0.9275384,-0.729633,-2.981023E-06,-2.124234E-06,1.89125E-09,0,0,0
140.2666,1.390891,2.09019,1.170813,-0.3050765,0.930014,-0.7350074,-1.744226E-06,-1.203938E-06,6.99157E-10,0,0,0
140.2806,1.405871,2.104846,1.181236,-0.3097313,0.9340878,-0.7437081,-9.067923E-06,-5.931778E-06,3.083343E-09,0,0,0
140.2945,1.405871,2.104846,1.181236,-0.3097313,0.9340878,-0.7437081,-9.067923E-06,-5.931778E-06,3.083343E-09,0,0,0
140.3079,1.419444,2.11755,1.189309,-0.3124804,0.9374354,-0.7509643,-5.146981E-06,-3.512426E-06,-1.949128E-10,0,0,0
140.3223,1.431577,2.128263,1.195874,-0.3145161,0.9402143,-0.7570154,-2.957553E-06,-2.065821E-06,-1.360596E-08,0,0,0
140.3362,1.431577,2.128263,1.195874,-0.3145161,0.9402143,-0.7570154,-2.957553E-06,-2.065821E-06,-1.360596E-08,0,0,0
140.3498,1.44747,2.143927,1.206916,-0.3193067,0.9445506,-0.7662811,-9.249419E-06,-5.959196E-06,-3.771191E-09,0,0,0
140.3642,1.461888,2.157469,1.2155,-0.322156,0.9481062,-0.7740084,-5.259037E-06,-3.533883E-06,-8.837587E-09,0,0,0
140.3783,1.461888,2.157469,1.2155,-0.322156,0.9481062,-0.7740084,-5.259037E-06,-3.533883E-06,-8.837587E-09,0,0,0
140.3916,1.4748,2.168874,1.222492,-0.3242671,0.9510551,-0.7804521,-3.038764E-06,-2.074165E-06,7.851714E-09,0,0,0
140.406,1.486123,2.178415,1.228299,-0.3260684,0.9535171,-0.7858252,-1.867533E-06,-1.25937E-06,-4.929364E-10,0,0,0
140.4201,1.501129,2.193073,1.238726,-0.330815,0.957614,-0.7945263,-8.151799E-06,-5.037112E-06,8.745784E-09,0,0,0
140.4339,1.501129,2.193073,1.238726,-0.330815,0.957614,-0.7945263,-8.151799E-06,-5.037112E-06,8.745784E-09,0,0,0
140.4474,1.514595,2.205769,1.246804,-0.3336241,0.9609613,-0.8017823,-4.790098E-06,-3.098173E-06,4.573459E-09,0,0,0
140.4619,1.526628,2.216473,1.25338,-0.3356446,0.9637287,-0.8078326,-2.926708E-06,-1.937671E-06,1.232206E-08,0,0,0
140.4759,1.526628,2.216473,1.25338,-0.3356446,0.9637287,-0.8078326,-2.926708E-06,-1.937671E-06,1.232206E-08,0,0,0
140.4894,1.542453,2.232141,1.264427,-0.340516,0.9680803,-0.8170992,-8.284122E-06,-5.017443E-06,2.260386E-08,0,0,0
140.5036,1.556692,2.245675,1.273018,-0.3434044,0.971633,-0.8248265,-4.906773E-06,-3.096385E-06,1.396119E-08,0,0,0
140.5178,1.556692,2.245675,1.273018,-0.3434044,0.971633,-0.8248265,-4.906773E-06,-3.096385E-06,1.396119E-08,0,0,0
140.531,1.569448,2.257069,1.280016,-0.3454692,0.9745668,-0.8312696,-3.052473E-06,-1.975818E-06,2.200782E-08,0,0,0
140.5456,1.580716,2.266602,1.285834,-0.3471934,0.9770116,-0.8366417,-1.997769E-06,-1.279635E-06,1.068294E-08,0,0,0
140.5599,1.580716,2.266602,1.285834,-0.3471934,0.9770116,-0.8366417,-1.997769E-06,-1.279635E-06,1.068294E-08,0,0,0
140.573,1.595748,2.281261,1.296275,-0.3520144,0.9811181,-0.8453436,-7.199466E-06,-4.171056E-06,1.157701E-08,0,0,0
140.5875,1.609116,2.293944,1.304367,-0.3549043,0.9844752,-0.8525996,-4.369139E-06,-2.648158E-06,1.008689E-08,0,0,0
140.6014,1.621027,2.304642,1.310952,-0.3569215,0.9872385,-0.8586493,-2.842217E-06,-1.761837E-06,8.149739E-09,0,0,0
140.6153,1.621027,2.304642,1.310952,-0.3569215,0.9872385,-0.8586493,-2.842217E-06,-1.761837E-06,8.149739E-09,0,0,0
140.6288,1.636776,2.320312,1.322011,-0.361874,0.9915896,-0.867917,-7.246255E-06,-4.103107E-06,1.142799E-08,0,0,0
140.6433,1.650827,2.333833,1.330615,-0.364831,0.995151,-0.8756444,-4.468381E-06,-2.648158E-06,4.573461E-09,0,0,0
140.6574,1.650827,2.333833,1.330615,-0.364831,0.995151,-0.8756444,-4.468381E-06,-2.648158E-06,4.573461E-09,0,0,0
140.6703,1.663382,2.345223,1.33762,-0.3668647,0.9980785,-0.882087,-2.948314E-06,-1.799388E-06,6.99159E-10,0,0,0
140.685,1.674524,2.354753,1.343443,-0.3684946,1.000506,-0.8874581,-2.052754E-06,-1.23672E-06,1.232206E-08,0,0,0
140.6991,1.674524,2.354753,1.343443,-0.3684946,1.000506,-0.8874581,-2.052754E-06,-1.23672E-06,1.232206E-08,0,0,0
140.7121,1.689543,2.369414,1.353902,-0.3733335,1.004586,-0.8961609,-6.161898E-06,-3.352387E-06,-1.494706E-08,0,0,0
140.7267,1.70282,2.382079,1.362015,-0.3762991,1.007958,-0.9034168,-3.88202E-06,-2.219898E-06,-9.880663E-09,0,0,0
140.7405,1.714605,2.392768,1.368611,-0.3783235,1.010729,-0.9094658,-2.652377E-06,-1.553518E-06,4.011378E-10,0,0,0
140.7546,1.714605,2.392768,1.368611,-0.3783235,1.010729,-0.9094658,-2.652377E-06,-1.553518E-06,4.011378E-10,0,0,0
140.7679,1.730272,2.408442,1.379686,-0.3833176,1.015045,-0.9187345,-6.100952E-06,-3.268046E-06,-2.016246E-08,0,0,0
140.7823,1.74416,2.421946,1.388312,-0.3863508,1.018624,-0.9264618,-3.929257E-06,-2.214832E-06,-6.453396E-09,0,0,0
140.7963,1.74416,2.421946,1.388312,-0.3863508,1.018624,-0.9264618,-3.929257E-06,-2.214832E-06,-6.453396E-09,0,0,0
140.8096,1.756516,2.43333,1.395326,-0.3883758,1.021562,-0.9329037,-2.707064E-06,-1.587195E-06,-8.390547E-09,0,0,0
140.8243,1.767497,2.44286,1.401149,-0.3899181,1.023981,-0.9382738,-1.982719E-06,-1.167578E-06,2.521263E-10,0,0,0
140.8383,1.767497,2.44286,1.401149,-0.3899181,1.023981,-0.9382738,-1.982719E-06,-1.167578E-06,2.521263E-10,0,0,0
140.8513,1.782455,2.457532,1.411617,-0.3946771,1.027979,-0.946977,-4.971594E-06,-2.600176E-06,1.522779E-08,0,0,0
140.866,1.795661,2.470176,1.419759,-0.3976589,1.031358,-0.9542326,-3.301024E-06,-1.85929E-06,1.299262E-08,0,0,0
140.8799,1.795661,2.470176,1.419759,-0.3976589,1.031358,-0.9542326,-3.301024E-06,-1.85929E-06,1.299262E-08,0,0,0
140.8932,1.807355,2.480857,1.426369,-0.3996676,1.034143,-0.9602808,-2.377748E-06,-1.394076E-06,-2.728104E-09,0,0,0
140.9078,1.822966,2.496542,1.437452,-0.4045841,1.038375,-0.9695499,-4.857302E-06,-2.583487E-06,1.965762E-09,0,0,0
140.9221,1.836779,2.510026,1.446103,-0.4076171,1.041962,-0.9772768,-3.282249E-06,-1.911146E-06,3.306866E-09,0,0,0
140.9357,1.836779,2.510026,1.446103,-0.4076171,1.041962,-0.9772768,-3.282249E-06,-1.911146E-06,3.306866E-09,0,0,0
140.9488,1.84904,2.521403,1.453127,-0.4096047,1.044917,-0.9837178,-2.362549E-06,-1.446826E-06,3.604889E-09,0,0,0
140.9634,1.859946,2.530935,1.458945,-0.4110553,1.047341,-0.9890867,-1.804501E-06,-1.140756E-06,4.089177E-09,0,0,0
140.9774,1.859946,2.530935,1.458945,-0.4110553,1.047341,-0.9890867,-1.804501E-06,-1.140756E-06,4.089177E-09,0,0,0
140.9906,1.874898,2.54563,1.469404,-0.4155844,1.051227,-0.9977899,-3.910929E-06,-2.197844E-06,-8.362606E-09,0,0,0
141.0052,1.888141,2.55826,1.477565,-0.4184391,1.054585,-1.005045,-2.72435E-06,-1.687331E-06,-5.394964E-10,0,0,0
141.0191,1.888141,2.55826,1.477565,-0.4184391,1.054585,-1.005045,-2.72435E-06,-1.687331E-06,-5.394964E-10,0,0,0
141.0323,1.899893,2.568934,1.484181,-0.4203385,1.057372,-1.011092,-2.043814E-06,-1.356525E-06,-3.799125E-09,0,0,0
141.0472,1.91561,2.58464,1.495253,-0.4249579,1.061505,-1.020361,-3.849983E-06,-2.338511E-06,-9.18217E-09,0,0,0
141.0608,1.929571,2.598114,1.503913,-0.4277914,1.065065,-1.028087,-2.712578E-06,-1.866741E-06,-3.109947E-09,0,0,0
141.0747,1.929571,2.598114,1.503913,-0.4277914,1.065065,-1.028087,-2.712578E-06,-1.866741E-06,-3.109947E-09,0,0,0
141.0883,1.94201,2.609489,1.510937,-0.4296229,1.068011,-1.034527,-2.005667E-06,-1.467985E-06,1.80497E-08,0,0,0
141.1028,1.953128,2.619023,1.516743,-0.4309484,1.070431,-1.039894,-1.545072E-06,-1.203192E-06,7.022843E-09,0,0,0
141.1169,1.953128,2.619023,1.516743,-0.4309484,1.070431,-1.039894,-1.545072E-06,-1.203192E-06,7.022843E-09,0,0,0
141.1301,1.968367,2.63374,1.527176,-0.4350807,1.074251,-1.048597,-3.201336E-06,-2.208424E-06,3.265284E-08,0,0,0
141.1445,1.981957,2.646374,1.535326,-0.4376452,1.077563,-1.05585,-2.287894E-06,-1.796556E-06,1.693211E-08,0,0,0
141.1585,1.981957,2.646374,1.535326,-0.4376452,1.077563,-1.05585,-2.287894E-06,-1.796556E-06,1.693211E-08,0,0,0
141.1716,1.994104,2.657049,1.541931,-0.4393646,1.080322,-1.061896,-1.69602E-06,-1.434458E-06,1.961432E-08,0,0,0
141.1864,2.010311,2.672772,1.552975,-0.4435118,1.084411,-1.071164,-3.314286E-06,-2.627147E-06,1.5442E-08,0,0,0
141.2001,2.024825,2.686252,1.561614,-0.4460252,1.08791,-1.078888,-2.271503E-06,-2.029014E-06,4.862174E-09,0,0,0
141.2141,2.024825,2.686252,1.561614,-0.4460252,1.08791,-1.078888,-2.271503E-06,-2.029014E-06,4.862174E-09,0,0,0
141.2275,2.037871,2.697627,1.568622,-0.4477332,1.090817,-1.085327,-1.582176E-06,-1.526249E-06,-9.591952E-09,0,0,0
141.242,2.049607,2.707156,1.574419,-0.4491193,1.093243,-1.090693,-1.152724E-06,-1.145673E-06,3.968104E-09,0,0,0
141.2562,2.049607,2.707156,1.574419,-0.4491193,1.093243,-1.090693,-1.152724E-06,-1.145673E-06,3.968104E-09,0,0,0
141.2692,2.065527,2.721884,1.584819,-0.4529328,1.097101,-1.099394,-2.940863E-06,-2.673191E-06,-4.525558E-09,0,0,0
141.2837,2.079809,2.734529,1.592939,-0.4553517,1.10039,-1.106646,-1.838177E-06,-1.846028E-06,-2.88643E-09,0,0,0
141.2978,2.079809,2.734529,1.592939,-0.4553517,1.10039,-1.106646,-1.838177E-06,-1.846028E-06,-2.88643E-09,0,0,0
141.3111,2.092647,2.745203,1.599529,-0.4571774,1.103155,-1.11269,-1.204878E-06,-1.279188E-06,1.434907E-09,0,0,0
141.3259,2.109613,2.760936,1.610538,-0.4610419,1.107291,-1.121956,-3.057987E-06,-3.055252E-06,5.309208E-09,0,0,0
141.3401,2.124899,2.774422,1.61915,-0.4635503,1.110778,-1.129678,-1.66294E-06,-1.819425E-06,-7.952825E-09,0,0,0
141.3584,2.124899,2.774422,1.61915,-0.4635503,1.110778,-1.129678,-1.66294E-06,-1.819425E-06,-7.952825E-09,0,0,0
141.3702,2.138672,2.785788,1.626156,-0.4655947,1.113733,-1.136115,-9.238423E-07,-1.0731E-06,-1.450934E-08,0,0,0
141.3796,2.138672,2.785788,1.626156,-0.4655947,1.113733,-1.136115,-9.238423E-07,-1.0731E-06,-1.450934E-08,0,0,0
141.3923,2.150973,2.7953,1.631956,-0.4675374,1.116277,-1.141481,-5.843939E-07,-6.870295E-07,-3.482477E-09,0,0,0
141.4101,2.167408,2.810041,1.642313,-0.4713073,1.120248,-1.150179,-2.774269E-06,-2.999094E-06,-1.396314E-09,0,0,0
141.4202,2.182163,2.822698,1.650406,-0.4739252,1.123585,-1.157429,-1.205772E-06,-1.39165E-06,-1.331724E-08,0,0,0
141.4336,2.182163,2.822698,1.650406,-0.4739252,1.123585,-1.157429,-1.205772E-06,-1.39165E-06,-1.331724E-08,0,0,0
141.4468,2.195353,2.833365,1.656993,-0.4762237,1.126446,-1.163473,-5.441609E-07,-6.802683E-07,5.458221E-09,0,0,0
141.4615,2.206968,2.842298,1.662435,-0.4784254,1.128928,-1.168511,-3.513398E-07,-4.556333E-07,-8.00267E-10,0,0,0
141.4756,2.206968,2.842298,1.662435,-0.4784254,1.128928,-1.168511,-3.513398E-07,-4.556333E-07,-8.00267E-10,0,0,0
141.4893,2.222787,2.856576,1.672469,-0.482026,1.132798,-1.176935,-2.629727E-06,-2.9784E-06,-9.144918E-09,0,0,0
141.5037,2.237027,2.868836,1.680313,-0.4846578,1.136044,-1.183957,-8.03739E-07,-9.846244E-07,-2.290384E-09,0,0,0
141.5178,2.237027,2.868836,1.680313,-0.4846578,1.136044,-1.183957,-8.03739E-07,-9.846244E-07,-2.290384E-09,0,0,0
141.5313,2.249689,2.879165,1.686697,-0.4870887,1.138854,-1.189811,-2.863707E-07,-3.7621E-07,-3.482477E-09,0,0,0
141.546,2.260706,2.887819,1.691964,-0.4894023,1.14129,-1.194691,-2.366008E-07,-2.872501E-07,-1.182713E-08,0,0,0
141.5603,2.276092,2.901882,1.70184,-0.4927626,1.145073,-1.202985,-2.277166E-06,-2.630011E-06,-1.003899E-08,0,0,0
141.574,2.276092,2.901882,1.70184,-0.4927626,1.145073,-1.202985,-2.277166E-06,-2.630011E-06,-1.003899E-08,0,0,0
141.5877,2.29001,2.913944,1.709575,-0.4954169,1.148276,-1.209898,-3.730956E-07,-5.04509E-07,2.776011E-09,0,0,0
141.6019,2.302288,2.924105,1.715865,-0.4979545,1.151062,-1.215659,-5.123056E-08,-1.006875E-07,7.544382E-09,0,0,0
141.6157,2.302288,2.924105,1.715865,-0.4979545,1.151062,-1.215659,-5.123056E-08,-1.006875E-07,7.544382E-09,0,0,0
141.6293,2.319005,2.939456,1.726564,-0.5014058,1.15515,-1.224692,-1.757414E-06,-2.062277E-06,2.035938E-08,0,0,0
141.6435,2.334119,2.952582,1.734979,-0.5043935,1.158659,-1.23222,1.221451E-09,-8.295524E-08,2.661787E-08,0,0,0
141.6576,2.334119,2.952582,1.734979,-0.5043935,1.158659,-1.23222,1.221451E-09,-8.295524E-08,2.661787E-08,0,0,0
141.671,2.347296,2.963639,1.741816,-0.5072604,1.161704,-1.238491,9.688691E-08,7.007968E-08,1.976333E-08,0,0,0
141.6856,2.358498,2.972917,1.747438,-0.5098551,1.164302,-1.243719,8.258179E-08,7.022869E-08,2.780996E-08,0,0,0
141.6996,2.358498,2.972917,1.747438,-0.5098551,1.164302,-1.243719,8.258179E-08,7.022869E-08,2.780996E-08,0,0,0
141.7129,2.374389,2.987517,1.757635,-0.5130766,1.168208,-1.252308,-1.003415E-06,-1.251504E-06,4.266127E-09,0,0,0
141.7275,2.388715,2.999994,1.765649,-0.5160518,1.171576,-1.259465,2.718266E-07,1.734937E-07,8.736475E-09,0,0,0
141.7415,2.401052,3.010514,1.772143,-0.5188523,1.17447,-1.265427,3.984865E-07,3.399397E-07,1.797519E-08,0,0,0
141.7557,2.401052,3.010514,1.772143,-0.5188523,1.17447,-1.265427,3.984865E-07,3.399397E-07,1.797519E-08,0,0,0
141.7688,2.418166,3.026171,1.783049,-0.5222753,1.178674,-1.274631,-1.007024E-07,-3.75465E-07,1.261078E-08,0,0,0
141.7831,2.43344,3.039534,1.791619,-0.5255632,1.182299,-1.282301,3.996785E-07,3.084982E-07,9.928567E-09,0,0,0
141.7972,2.43344,3.039534,1.791619,-0.5255632,1.182299,-1.282301,3.996785E-07,3.084982E-07,9.928567E-09,0,0,0
141.8104,2.446457,3.05081,1.798556,-0.5285748,1.18538,-1.288689,6.142552E-07,5.62712E-07,1.320682E-08,0,0,0
141.825,2.457382,3.06028,1.804258,-0.5311713,1.187968,-1.294012,7.480676E-07,7.997895E-07,1.886926E-08,0,0,0
141.8392,2.457382,3.06028,1.804258,-0.5311713,1.187968,-1.294012,7.480676E-07,7.997895E-07,1.886926E-08,0,0,0
141.8522,2.473537,3.075019,1.814586,-0.5343832,1.19197,-1.302684,7.91281E-07,5.895341E-07,6.352288E-09,0,0,0
141.8669,2.487835,3.087607,1.822669,-0.5375427,1.195387,-1.309909,1.072019E-06,7.889117E-07,2.477987E-09,0,0,0
141.8808,2.499926,3.098241,1.8292,-0.5403645,1.198262,-1.315927,1.230567E-06,1.038357E-06,4.266126E-09,0,0,0
141.8947,2.499926,3.098241,1.8292,-0.5403645,1.198262,-1.315927,1.230567E-06,1.038357E-06,4.266126E-09,0,0,0
141.9083,2.517257,3.113966,1.840192,-0.5438603,1.202568,-1.325179,1.457363E-06,9.21681E-07,-1.063504E-08,0,0,0
141.9226,2.532401,3.127401,1.848785,-0.5472552,1.2062,-1.332887,1.62068E-06,1.02286E-06,1.285893E-09,0,0,0
141.9368,2.532401,3.127401,1.848785,-0.5472552,1.2062,-1.332887,1.62068E-06,1.02286E-06,1.285893E-09,0,0,0
141.9502,2.545144,3.138753,1.855729,-0.5502284,1.209237,-1.339307,1.753598E-06,1.301363E-06,-4.376548E-09,0,0,0
141.9643,2.555803,3.148288,1.861439,-0.5527474,1.21177,-1.344656,1.88592E-06,1.640066E-06,-6.164687E-09,0,0,0
141.9785,2.555803,3.148288,1.861439,-0.5527474,1.21177,-1.344656,1.88592E-06,1.640066E-06,-6.164687E-09,0,0,0
141.9916,2.572128,3.163044,1.871819,-0.5560699,1.215861,-1.353351,2.051025E-06,1.328483E-06,2.06574E-08,0,0,0
142.0059,2.586265,3.175672,1.879902,-0.5592554,1.219257,-1.360594,2.043276E-06,1.281544E-06,1.320682E-08,0,0,0
142.0201,2.598127,3.186349,1.886429,-0.5620092,1.22208,-1.366627,2.110034E-06,1.539632E-06,1.231275E-08,0,0,0
142.0347,2.598127,3.186349,1.886429,-0.5620092,1.22208,-1.366627,2.110034E-06,1.539632E-06,1.231275E-08,0,0,0
142.0476,2.615572,3.202078,1.897445,-0.5656202,1.226456,-1.375893,2.080827E-06,9.274925E-07,2.06574E-08,0,0,0
